,"LED bulbs per HH,5W/hr ","Television watch hours,40W","Electrical Kettle use frequency,10W/time",Refrigerator(130W)/8hr,"Table Fan,50W/hr","Electric stove, 1200W/hr","Mobile phones per HH, 5W/hr",National grid connection ,Mini grid connection           ,Energy Consumption (Wh/day),Capacity (W),800 Wh SHS ,Solar backup(hrs) 100AH/12V,Availability hours per day ,Availability hours per evening (6-10PM),Does voltage fluctuates? Yes=1/ No=0,No of disruptions,Electricity connection charge,HH wiring cost,Monthly electricity bill ($),Yearly KWh bill ($),Yearly income ($),Subsidized Solar SHS Cost,Bill payment frequency ,Pre-paid/ post-paid meter ,Injury due to the grid electricity?,Appliances damaged 
Device power/hr,5.00,40.00,10.00,16.00,50.00,1200.00,5.00,0.00,0.00,0.00,0.00,640.00,0.00,0.00,0.00,0.00,0.00,0.00,0.00,0.00,0.00,83.00,0.00,0.00,0.00,0.00,0.00
HH-1,4.00,2.00,0.00,0.00,0.00,0.00,2.00,0.00,0.00,170.00,120.00,512.00,8.00,4.00,4.00,1.00,0.00,0.00,50.00,0.94,11.26,996.00,100.00,0.00,0.00,0.00,0.00
HH-2,4.00,0.00,0.00,0.00,0.00,0.00,3.00,0.00,0.00,95.00,125.00,512.00,7.68,7.00,4.00,0.00,0.00,0.00,50.00,0.52,6.29,996.00,100.00,0.00,0.00,0.00,0.00
HH-3,5.00,2.00,2.00,4.00,0.00,0.00,4.00,0.00,0.00,284.00,161.00,512.00,5.96,5.00,4.00,1.00,4.00,200.00,100.00,1.57,18.81,996.00,0.00,2.00,1.00,0.00,0.00
HH-4,5.00,2.00,2.00,5.00,0.00,0.00,2.00,0.00,0.00,290.00,151.00,512.00,6.36,6.00,4.00,0.00,0.00,200.00,100.00,1.60,19.21,996.00,0.00,1.00,1.00,0.00,0.00
HH-5,6.00,2.00,3.00,6.00,0.00,0.00,3.00,0.00,0.00,281.00,161.00,512.00,5.96,5.00,2.00,1.00,0.00,200.00,100.00,1.55,18.61,996.00,0.00,2.00,1.00,0.00,0.00
HH-6,3.00,2.00,5.00,5.00,1.00,1.00,2.00,0.00,1.00,1530.00,1341.00,0.00,0.00,6.00,4.00,0.00,1.00,200.00,100.00,8.45,101.35,1992.00,0.00,1.00,1.00,1.00,0.00
HH-7,5.00,2.00,1.00,7.00,3.00,0.00,2.00,0.00,0.00,462.00,151.00,512.00,0.00,8.00,4.00,0.00,0.00,200.00,100.00,2.55,30.60,1992.00,0.00,1.00,1.00,0.00,0.00
HH-8,5.00,2.00,0.00,5.00,1.00,2.00,3.00,1.00,0.00,2725.00,2556.00,0.00,0.00,8.00,5.00,1.00,6.00,200.00,100.00,15.04,180.50,1992.00,0.00,1.00,1.00,0.00,0.00
HH-9,5.00,0.00,0.00,0.00,1.00,0.00,2.00,0.00,0.00,160.00,125.00,512.00,7.68,4.00,4.00,1.00,4.00,0.00,50.00,0.88,0.00,996.00,100.00,0.00,0.00,0.00,0.00
HH-10,4.00,0.00,0.00,0.00,0.00,0.00,2.00,0.00,0.00,70.00,120.00,512.00,8.00,4.00,3.00,0.00,0.00,0.00,50.00,0.39,0.00,996.00,100.00,0.00,0.00,0.00,0.00
HH-11,4.00,2.00,2.00,0.00,2.00,0.00,2.00,0.00,0.00,290.00,146.00,512.00,0.00,6.00,4.00,0.00,7.00,200.00,100.00,1.60,19.21,996.00,0.00,1.00,2.00,0.00,0.00
HH-12,4.00,2.00,3.00,5.00,3.00,1.00,3.00,1.00,0.00,1635.00,1351.00,0.00,0.00,9.00,4.00,0.00,3.00,200.00,100.00,9.03,108.30,1992.00,0.00,2.00,2.00,0.00,0.00
HH-13,5.00,4.00,2.00,0.00,2.00,0.00,2.00,0.00,0.00,390.00,151.00,512.00,0.00,7.00,4.00,0.00,2.00,200.00,100.00,2.15,25.83,1992.00,0.00,1.00,2.00,1.00,0.00
HH-14,3.00,2.00,1.00,6.00,1.00,2.00,3.00,1.00,0.00,2711.00,2546.00,0.00,0.00,9.00,4.00,0.00,6.00,200.00,100.00,14.96,179.58,1992.00,0.00,1.00,1.00,0.00,0.00
HH-15,5.00,0.00,0.00,0.00,0.00,0.00,3.00,0.00,0.00,115.00,130.00,512.00,7.38,4.00,4.00,1.00,4.00,0.00,50.00,0.63,0.00,996.00,100.00,0.00,0.00,0.00,0.00
HH-16,6.00,2.00,0.00,0.00,0.00,0.00,2.00,0.00,0.00,180.00,156.00,512.00,0.00,8.00,3.00,1.00,4.00,200.00,100.00,0.99,11.92,996.00,0.00,2.00,1.00,0.00,1.00
HH-17,7.00,0.00,1.00,3.00,1.00,2.00,2.00,1.00,1.00,2658.00,2561.00,0.00,0.00,9.00,4.00,0.00,2.00,200.00,100.00,14.67,176.07,1992.00,0.00,1.00,2.00,0.00,0.00
HH-18,4.00,0.00,2.00,0.00,1.00,0.00,3.00,0.00,0.00,165.00,151.00,512.00,0.00,4.00,4.00,1.00,1.00,200.00,100.00,0.91,10.93,996.00,0.00,1.00,2.00,0.00,0.00
HH-19,4.00,0.00,0.00,0.00,0.00,0.00,2.00,0.00,0.00,90.00,120.00,512.00,8.00,4.00,4.00,0.00,1.00,0.00,50.00,0.50,0.00,996.00,100.00,0.00,0.00,0.00,0.00
HH-20,5.00,2.00,0.00,3.00,0.00,0.00,4.00,0.00,0.00,248.00,161.00,512.00,0.00,7.00,4.00,0.00,0.00,200.00,100.00,1.37,16.43,996.00,0.00,1.00,2.00,0.00,2.00
HH-21,5.00,4.00,3.00,3.00,2.00,0.00,3.00,1.00,0.00,453.00,156.00,0.00,0.00,8.00,4.00,0.00,1.00,200.00,100.00,2.50,30.01,1992.00,0.00,2.00,2.00,0.00,0.00
HH-22,5.00,2.00,2.00,5.00,2.00,0.00,3.00,0.00,0.00,370.00,156.00,512.00,0.00,8.00,3.00,0.00,1.00,200.00,100.00,2.04,24.51,1992.00,0.00,1.00,2.00,1.00,0.00
HH-23,4.00,1.00,2.00,4.00,2.00,1.00,2.00,1.00,0.00,1514.00,1346.00,0.00,0.00,8.00,3.00,0.00,2.00,200.00,100.00,8.36,100.29,1992.00,0.00,1.00,2.00,0.00,0.00
HH-24,3.00,2.00,2.00,5.00,2.00,0.00,4.00,0.00,1.00,360.00,151.00,0.00,0.00,9.00,3.00,0.00,3.00,200.00,100.00,1.99,23.85,996.00,0.00,1.00,2.00,0.00,0.00
HH-25,3.00,2.00,2.00,4.00,3.00,1.00,2.00,1.00,0.00,1584.00,1341.00,0.00,0.00,8.00,4.00,0.00,4.00,200.00,100.00,8.74,104.92,1992.00,0.00,1.00,1.00,0.00,0.00
HH-26,4.00,0.00,0.00,0.00,0.00,0.00,0.00,0.00,0.00,80.00,110.00,512.00,8.73,4.00,4.00,0.00,0.00,0.00,50.00,0.44,0.00,996.00,100.00,0.00,0.00,0.00,0.00
HH-27,4.00,2.00,0.00,0.00,0.00,0.00,4.00,0.00,0.00,180.00,130.00,512.00,7.38,4.00,4.00,1.00,0.00,0.00,50.00,0.99,0.00,996.00,100.00,0.00,0.00,0.00,0.00
HH-28,6.00,1.00,1.00,4.00,2.00,1.00,2.00,1.00,0.00,1544.00,1356.00,0.00,0.00,9.00,4.00,0.00,0.00,200.00,100.00,8.52,102.27,1992.00,0.00,1.00,2.00,0.00,0.00
HH-29,4.00,2.00,2.00,5.00,3.00,0.00,4.00,0.00,0.00,430.00,156.00,512.00,6.15,5.00,4.00,0.00,1.00,200.00,100.00,2.37,28.48,1992.00,0.00,2.00,2.00,0.00,0.00
HH-30,4.00,2.00,0.00,6.00,1.00,2.00,3.00,1.00,1.00,2721.00,2551.00,0.00,0.00,9.00,2.00,0.00,15.00,200.00,100.00,15.02,180.24,1992.00,0.00,1.00,2.00,1.00,0.00
HH-31,5.00,1.00,3.00,8.00,1.00,0.00,2.00,0.00,1.00,358.00,151.00,0.00,0.00,4.00,4.00,0.00,2.00,200.00,100.00,1.98,23.71,996.00,0.00,1.00,2.00,0.00,0.00
HH-32,5.00,2.00,2.00,4.00,2.00,0.00,2.00,0.00,1.00,374.00,151.00,0.00,0.00,8.00,4.00,1.00,2.00,200.00,100.00,2.06,24.77,1992.00,0.00,1.00,2.00,0.00,0.00
HH-33,4.00,2.00,3.00,6.00,1.00,0.00,2.00,0.00,0.00,326.00,146.00,512.00,6.58,5.00,3.00,0.00,0.00,200.00,100.00,1.80,21.59,996.00,0.00,1.00,1.00,0.00,0.00
HH-34,5.00,0.00,0.00,0.00,0.00,0.00,0.00,0.00,0.00,100.00,115.00,512.00,8.35,5.00,4.00,0.00,0.00,0.00,50.00,0.55,0.00,996.00,100.00,0.00,0.00,0.00,0.00
HH-35,7.00,4.00,3.00,0.00,1.00,0.00,3.00,0.00,0.00,395.00,166.00,512.00,5.78,8.00,4.00,0.00,1.00,200.00,100.00,2.18,26.16,1992.00,0.00,1.00,1.00,0.00,0.00
HH-36,6.00,2.00,2.00,0.00,1.00,0.00,3.00,1.00,0.00,255.00,161.00,512.00,5.96,8.00,3.00,1.00,4.00,200.00,100.00,1.41,16.89,996.00,0.00,2.00,1.00,0.00,0.00
HH-37,4.00,1.00,2.00,0.00,1.00,1.00,2.00,1.00,0.00,1400.00,1346.00,0.00,0.00,8.00,4.00,1.00,5.00,200.00,100.00,7.73,92.74,1992.00,0.00,1.00,1.00,0.00,0.00
HH-38,5.00,1.00,2.00,0.00,1.00,2.00,2.00,1.00,1.00,2620.00,2551.00,0.00,0.00,9.00,4.00,0.00,10.00,200.00,100.00,14.46,173.55,1992.00,0.00,1.00,1.00,0.00,0.00
HH-39,3.00,1.00,3.00,0.00,0.00,0.00,3.00,0.00,0.00,145.00,120.00,512.00,8.00,4.00,4.00,0.00,0.00,0.00,50.00,0.80,0.00,996.00,100.00,0.00,0.00,0.00,0.00
HH-40,4.00,0.00,0.00,0.00,0.00,0.00,2.00,0.00,0.00,90.00,120.00,512.00,8.00,5.00,4.00,1.00,0.00,0.00,50.00,0.50,0.00,996.00,100.00,0.00,0.00,0.00,0.00
HH-41,4.00,0.00,0.00,0.00,0.00,0.00,0.00,0.00,0.00,60.00,110.00,512.00,8.73,6.00,3.00,0.00,0.00,0.00,50.00,0.33,0.00,996.00,100.00,0.00,0.00,0.00,0.00
HH-42,5.00,2.00,3.00,8.00,0.00,0.00,3.00,1.00,0.00,353.00,156.00,0.00,0.00,5.00,4.00,0.00,4.00,200.00,100.00,1.95,23.38,996.00,0.00,1.00,2.00,0.00,0.00
HH-43,5.00,1.00,0.00,0.00,0.00,0.00,2.00,0.00,0.00,150.00,151.00,512.00,6.36,0.00,4.00,0.00,0.00,200.00,100.00,0.83,9.94,996.00,0.00,2.00,2.00,1.00,0.00
HH-44,3.00,1.00,2.00,0.00,1.00,0.00,3.00,0.00,0.00,185.00,146.00,512.00,6.58,8.00,4.00,0.00,0.00,200.00,100.00,1.02,12.25,996.00,0.00,1.00,2.00,0.00,0.00
HH-45,4.00,0.00,0.00,0.00,1.00,0.00,2.00,1.00,0.00,180.00,146.00,0.00,0.00,4.00,6.00,1.00,2.00,200.00,100.00,0.99,11.92,996.00,0.00,1.00,2.00,1.00,0.00
HH-46,5.00,0.00,3.00,0.00,0.00,0.00,2.00,0.00,0.00,115.00,125.00,512.00,7.68,4.00,3.00,0.00,0.00,200.00,100.00,0.63,7.62,996.00,0.00,1.00,2.00,0.00,0.00
HH-47,5.00,0.00,2.00,0.00,2.00,0.00,2.00,1.00,0.00,230.00,151.00,0.00,0.00,7.00,2.00,1.00,0.00,200.00,100.00,1.27,15.24,996.00,0.00,2.00,1.00,0.00,0.00
HH-48,6.00,5.00,2.00,5.00,1.00,0.00,3.00,0.00,1.00,455.00,161.00,0.00,0.00,8.00,3.00,0.00,8.00,200.00,100.00,2.51,30.14,1992.00,0.00,1.00,1.00,0.00,2.00
HH-49,6.00,0.00,3.00,0.00,1.00,2.00,2.00,1.00,0.00,2610.00,2556.00,0.00,0.00,8.00,4.00,0.00,1.00,200.00,100.00,14.41,172.89,1992.00,0.00,1.00,1.00,0.00,0.00
HH-50,3.00,0.00,2.00,8.00,0.00,0.00,2.00,0.00,0.00,218.00,115.00,512.00,8.35,4.00,4.00,0.00,0.00,0.00,50.00,1.20,0.00,996.00,100.00,0.00,0.00,0.00,0.00
HH-51,4.00,2.00,1.00,0.00,1.00,1.00,2.00,0.00,1.00,1430.00,1346.00,0.00,0.00,8.00,1.00,0.00,6.00,200.00,100.00,7.89,94.72,1992.00,0.00,1.00,1.00,0.00,0.00
HH-52,5.00,2.00,0.00,0.00,1.00,0.00,2.00,0.00,1.00,240.00,151.00,0.00,0.00,6.00,6.00,0.00,7.00,200.00,100.00,1.32,15.90,996.00,0.00,2.00,1.00,0.00,0.00
HH-53,3.00,0.00,0.00,5.00,0.00,2.00,3.00,1.00,0.00,2555.00,2546.00,0.00,0.00,8.00,6.00,1.00,0.00,200.00,100.00,14.10,169.24,1992.00,0.00,1.00,1.00,0.00,0.00
HH-54,4.00,0.00,0.00,10.00,0.00,0.00,2.00,0.00,0.00,250.00,120.00,512.00,8.00,8.00,4.00,1.00,0.00,0.00,50.00,1.38,0.00,996.00,100.00,0.00,0.00,0.00,0.00
HH-55,6.00,2.00,2.00,5.00,0.00,0.00,3.00,0.00,0.00,315.00,161.00,512.00,5.96,9.00,4.00,0.00,0.00,200.00,100.00,1.74,20.87,996.00,0.00,1.00,2.00,1.00,0.00
HH-56,4.00,2.00,3.00,6.00,1.00,0.00,2.00,0.00,0.00,346.00,146.00,512.00,6.58,6.00,4.00,1.00,0.00,200.00,100.00,1.91,22.92,996.00,0.00,2.00,2.00,0.00,0.00
HH-57,4.00,0.00,2.00,5.00,0.00,0.00,2.00,0.00,0.00,190.00,146.00,512.00,6.58,4.00,4.00,0.00,0.00,200.00,100.00,1.05,12.59,996.00,0.00,1.00,2.00,0.00,0.00
HH-58,4.00,0.00,1.00,0.00,0.00,0.00,1.00,0.00,0.00,95.00,115.00,512.00,8.35,5.00,4.00,0.00,1.00,0.00,50.00,0.52,0.00,996.00,100.00,0.00,0.00,0.00,0.00
HH-59,6.00,2.00,0.00,0.00,1.00,0.00,2.00,0.00,0.00,260.00,156.00,512.00,6.15,6.00,4.00,0.00,0.00,200.00,100.00,1.44,17.22,996.00,0.00,1.00,2.00,0.00,0.00
HH-60,7.00,0.00,3.00,5.00,1.00,0.00,3.00,0.00,0.00,315.00,166.00,512.00,5.78,6.00,4.00,0.00,0.00,200.00,100.00,1.74,20.87,996.00,0.00,2.00,2.00,0.00,0.00
HH-61,5.00,0.00,1.00,4.00,0.00,0.00,2.00,0.00,0.00,184.00,125.00,512.00,7.68,5.00,4.00,0.00,0.00,0.00,50.00,1.02,0.00,996.00,100.00,0.00,0.00,1.00,0.00
HH-62,5.00,0.00,2.00,0.00,0.00,0.00,3.00,0.00,0.00,135.00,130.00,512.00,7.38,5.00,4.00,0.00,0.00,0.00,50.00,0.75,0.00,996.00,100.00,0.00,0.00,0.00,0.00
HH-63,4.00,2.00,3.00,7.00,2.00,0.00,3.00,1.00,0.00,417.00,151.00,0.00,0.00,4.00,3.00,1.00,2.00,200.00,100.00,2.30,27.62,1992.00,0.00,1.00,1.00,0.00,1.00
HH-64,5.00,2.00,2.00,8.00,2.00,1.00,2.00,1.00,1.00,1638.00,1351.00,0.00,0.00,8.00,5.00,0.00,0.00,200.00,100.00,9.04,108.50,1992.00,0.00,2.00,1.00,0.00,0.00
HH-65,4.00,2.00,0.00,9.00,1.00,1.00,2.00,1.00,1.00,1564.00,1346.00,0.00,0.00,8.00,3.00,0.00,2.00,200.00,100.00,8.63,103.60,1992.00,0.00,1.00,1.00,0.00,0.00
HH-66,5.00,4.00,3.00,0.00,2.00,0.00,3.00,1.00,1.00,405.00,156.00,0.00,0.00,4.00,3.00,1.00,0.00,200.00,100.00,2.24,26.83,1992.00,0.00,1.00,2.00,0.00,0.00
HH-67,4.00,2.00,2.00,4.00,2.00,0.00,2.00,0.00,0.00,354.00,120.00,512.00,8.00,4.00,4.00,0.00,0.00,0.00,50.00,1.95,0.00,996.00,100.00,0.00,0.00,0.00,0.00
HH-68,7.00,2.00,1.00,0.00,1.00,0.00,4.00,1.00,1.00,300.00,171.00,0.00,0.00,9.00,4.00,0.00,6.00,200.00,100.00,1.66,19.87,996.00,0.00,1.00,1.00,0.00,0.00
HH-69,6.00,1.00,2.00,0.00,1.00,2.00,3.00,0.00,0.00,2645.00,135.00,512.00,7.11,8.00,4.00,0.00,0.00,200.00,100.00,14.60,175.20,1992.00,0.00,2.00,1.00,0.00,0.00
HH-70,3.00,1.00,3.00,0.00,2.00,0.00,3.00,1.00,0.00,245.00,146.00,0.00,0.00,5.00,6.00,1.00,0.00,200.00,100.00,1.35,16.23,996.00,0.00,1.00,2.00,0.00,0.00
HH-71,5.00,0.00,0.00,10.00,3.00,0.00,2.00,0.00,1.00,420.00,151.00,0.00,0.00,7.00,3.00,1.00,6.00,200.00,100.00,2.32,27.82,1992.00,0.00,1.00,2.00,0.00,0.00
HH-72,5.00,0.00,0.00,0.00,1.00,0.00,4.00,0.00,0.00,170.00,135.00,512.00,7.11,8.00,4.00,0.00,0.00,0.00,50.00,0.94,0.00,996.00,100.00,0.00,0.00,0.00,1.00
HH-73,6.00,2.00,3.00,0.00,1.00,0.00,2.00,0.00,1.00,290.00,156.00,0.00,0.00,4.00,3.00,0.00,7.00,200.00,100.00,1.60,19.21,996.00,0.00,1.00,2.00,0.00,0.00
HH-74,3.00,0.00,0.00,0.00,1.00,0.00,3.00,0.00,0.00,95.00,120.00,512.00,10.11,4.00,2.00,0.00,0.00,0.00,50.00,0.52,0.00,996.00,100.00,0.00,0.00,0.00,0.00
HH-75,5.00,1.00,2.00,0.00,1.00,2.00,4.00,0.00,0.00,2605.00,135.00,512.00,7.11,9.00,3.00,0.00,1.00,0.00,50.00,14.38,0.00,1992.00,100.00,0.00,0.00,0.00,0.00
HH-76,4.00,0.00,1.00,0.00,0.00,0.00,2.00,0.00,0.00,40.00,120.00,512.00,8.00,4.00,1.00,0.00,0.00,200.00,100.00,0.22,2.65,996.00,0.00,0.00,2.00,0.00,0.00
HH-77,3.00,4.00,2.00,0.00,0.00,0.00,4.00,1.00,0.00,260.00,151.00,0.00,0.00,4.00,6.00,0.00,7.00,200.00,100.00,1.44,17.22,996.00,0.00,0.00,2.00,0.00,0.00
HH-78,4.00,2.00,3.00,0.00,1.00,0.00,3.00,0.00,0.00,295.00,125.00,512.00,7.68,4.00,6.00,0.00,3.00,0.00,50.00,1.63,0.00,996.00,100.00,0.00,0.00,0.00,0.00
HH-79,3.00,2.00,0.00,0.00,0.00,2.00,2.00,0.00,0.00,2535.00,115.00,512.00,8.35,9.00,3.00,1.00,0.00,0.00,50.00,13.99,0.00,1992.00,100.00,0.00,0.00,0.00,0.00
HH-80,6.00,4.00,2.00,0.00,0.00,0.00,1.00,0.00,1.00,305.00,151.00,0.00,0.00,4.00,3.00,0.00,0.00,200.00,100.00,1.68,20.20,996.00,0.00,2.00,1.00,0.00,0.00
HH-81,8.00,0.00,0.00,0.00,1.00,0.00,2.00,1.00,0.00,220.00,166.00,0.00,0.00,4.00,3.00,1.00,0.00,200.00,100.00,1.21,14.57,996.00,0.00,1.00,1.00,0.00,0.00
HH-82,3.00,2.00,3.00,0.00,1.00,1.00,0.00,1.00,0.00,1420.00,1331.00,0.00,0.00,4.00,4.00,0.00,2.00,200.00,100.00,7.84,94.06,1992.00,0.00,1.00,2.00,1.00,0.00
HH-83,4.00,0.00,2.00,0.00,0.00,3.00,3.00,1.00,0.00,3715.00,3751.00,0.00,0.00,18.00,7.00,0.00,2.00,200.00,100.00,20.51,246.08,1992.00,0.00,2.00,2.00,0.00,0.00
HH-84,3.00,0.00,2.00,0.00,2.00,0.00,3.00,0.00,0.00,180.00,120.00,512.00,8.00,5.00,3.00,1.00,0.00,0.00,50.00,0.99,0.00,996.00,100.00,0.00,0.00,0.00,0.00
HH-85,5.00,2.00,1.00,0.00,1.00,0.00,2.00,1.00,0.00,250.00,151.00,0.00,0.00,5.00,3.00,0.00,8.00,200.00,100.00,1.38,16.56,996.00,0.00,2.00,2.00,0.00,0.00
HH-86,7.00,1.00,0.00,9.00,1.00,0.00,2.00,1.00,0.00,384.00,161.00,0.00,0.00,5.00,4.00,0.00,1.00,200.00,100.00,2.12,25.44,1992.00,0.00,1.00,1.00,0.00,0.00
HH-87,6.00,1.00,3.00,0.00,0.00,0.00,3.00,1.00,0.00,205.00,161.00,0.00,0.00,4.00,4.00,1.00,0.00,200.00,100.00,1.13,13.58,996.00,0.00,1.00,1.00,0.00,2.00
HH-88,4.00,0.00,0.00,0.00,1.00,0.00,1.00,0.00,0.00,175.00,115.00,512.00,8.35,4.00,6.00,0.00,0.00,0.00,50.00,0.97,0.00,996.00,100.00,0.00,0.00,0.00,0.00
HH-89,3.00,0.00,0.00,9.00,1.00,0.00,0.00,0.00,1.00,254.00,131.00,0.00,0.00,4.00,3.00,0.00,2.00,200.00,100.00,1.40,16.82,996.00,0.00,2.00,1.00,0.00,0.00
HH-90,4.00,2.00,2.00,8.00,2.00,2.00,3.00,0.00,1.00,2823.00,2551.00,0.00,0.00,8.00,4.00,1.00,1.00,200.00,100.00,15.58,187.00,1992.00,0.00,1.00,1.00,0.00,0.00
HH-91,3.00,5.00,2.00,5.00,2.00,0.00,2.00,0.00,0.00,470.00,141.00,0.00,0.00,4.00,2.00,0.00,9.00,200.00,100.00,2.59,31.13,1992.00,0.00,2.00,2.00,0.00,0.00
HH-92,5.00,2.00,3.00,6.00,2.00,0.00,3.00,0.00,1.00,421.00,156.00,0.00,0.00,8.00,3.00,0.00,3.00,200.00,100.00,2.32,27.89,1992.00,0.00,1.00,2.00,0.00,0.00
HH-93,4.00,2.00,2.00,7.00,1.00,0.00,2.00,0.00,1.00,352.00,146.00,0.00,0.00,4.00,5.00,0.00,4.00,200.00,100.00,1.94,23.32,996.00,0.00,1.00,1.00,0.00,1.00
HH-94,3.00,2.00,1.00,4.00,1.00,2.00,2.00,1.00,0.00,2674.00,2541.00,0.00,0.00,9.00,3.00,1.00,8.00,200.00,100.00,14.76,177.13,1992.00,0.00,1.00,2.00,0.00,0.00
HH-95,4.00,2.00,0.00,0.00,0.00,0.00,3.00,0.00,0.00,155.00,125.00,512.00,7.68,4.00,3.00,0.00,0.00,0.00,50.00,0.86,0.00,996.00,100.00,0.00,0.00,0.00,0.00
HH-96,3.00,0.00,3.00,0.00,1.00,0.00,3.00,0.00,0.00,140.00,120.00,512.00,8.00,4.00,3.00,1.00,0.00,0.00,50.00,0.77,0.00,996.00,100.00,0.00,0.00,0.00,0.00
HH-97,4.00,0.00,1.00,4.00,1.00,2.00,2.00,1.00,0.00,2614.00,2546.00,0.00,0.00,9.00,4.00,0.00,10.00,200.00,100.00,14.43,173.15,1992.00,0.00,1.00,1.00,0.00,0.00
HH-98,5.00,2.00,2.00,8.00,2.00,2.00,2.00,1.00,0.00,2838.00,2551.00,0.00,0.00,8.00,4.00,0.00,2.00,200.00,100.00,15.67,187.99,1992.00,0.00,2.00,1.00,0.00,0.00
HH-99,5.00,2.00,3.00,6.00,2.00,0.00,2.00,1.00,0.00,416.00,151.00,0.00,0.00,6.00,6.00,1.00,4.00,200.00,100.00,2.30,27.56,1992.00,0.00,1.00,2.00,0.00,0.00
HH-100,4.00,2.00,0.00,10.00,1.00,0.00,2.00,1.00,0.00,380.00,146.00,0.00,0.00,8.00,3.00,0.00,2.00,200.00,100.00,2.10,25.17,1992.00,0.00,1.00,2.00,0.00,0.00
HH-101,6.00,1.00,3.00,0.00,2.00,1.00,1.00,1.00,0.00,1495.00,1351.00,0.00,0.00,8.00,0.00,1.00,3.00,200.00,100.00,8.25,99.03,1992.00,0.00,1.00,1.00,0.00,0.00
HH-102,7.00,2.00,3.00,0.00,1.00,3.00,1.00,1.00,0.00,3940.00,3756.00,0.00,0.00,17.00,5.00,0.00,3.00,200.00,100.00,21.75,0.00,1992.00,0.00,2.00,2.00,0.00,0.00
HH-103,2.00,0.00,1.00,0.00,1.00,0.00,1.00,0.00,0.00,105.00,105.00,512.00,9.14,5.00,4.00,0.00,0.00,0.00,50.00,0.58,0.00,996.00,0.00,1.00,2.00,0.00,0.00
HH-104,4.00,0.00,2.00,0.00,2.00,0.00,1.00,0.00,0.00,205.00,115.00,512.00,8.35,4.00,4.00,0.00,0.00,0.00,50.00,1.13,0.00,996.00,0.00,1.00,2.00,0.00,0.00
HH-105,5.00,2.00,3.00,0.00,1.00,0.00,2.00,1.00,0.00,270.00,151.00,0.00,0.00,4.00,6.00,1.00,0.00,200.00,100.00,1.49,17.88,996.00,100.00,0.00,0.00,0.00,0.00
HH-106,5.00,1.00,0.00,0.00,1.00,0.00,1.00,0.00,0.00,195.00,120.00,512.00,8.00,4.00,4.00,0.00,0.00,200.00,100.00,1.08,12.92,996.00,100.00,0.00,0.00,0.00,0.00
HH-107,3.00,2.00,0.00,0.00,1.00,0.00,2.00,0.00,0.00,200.00,141.00,512.00,6.81,8.00,4.00,1.00,0.00,200.00,100.00,1.10,13.25,996.00,0.00,1.00,1.00,0.00,0.00
HH-108,4.00,2.00,1.00,0.00,1.00,0.00,3.00,0.00,0.00,195.00,125.00,512.00,7.68,4.00,2.00,0.00,0.00,0.00,50.00,1.08,0.00,996.00,100.00,0.00,0.00,0.00,0.00
HH-109,3.00,1.00,1.00,0.00,1.00,0.00,2.00,0.00,0.00,155.00,115.00,512.00,8.35,4.00,3.00,1.00,0.00,0.00,50.00,0.86,0.00,996.00,100.00,0.00,0.00,0.00,0.00
HH-110,6.00,0.00,2.00,0.00,1.00,0.00,3.00,0.00,0.00,235.00,135.00,512.00,7.11,4.00,5.00,0.00,0.00,0.00,50.00,1.30,0.00,996.00,100.00,0.00,0.00,0.00,0.00
HH-111,4.00,0.00,1.00,8.00,2.00,0.00,0.00,1.00,0.00,318.00,136.00,0.00,0.00,9.00,2.00,1.00,12.00,200.00,100.00,1.76,21.06,996.00,0.00,0.00,0.00,0.00,0.00
HH-112,3.00,0.00,2.00,0.00,0.00,0.00,2.00,0.00,0.00,75.00,115.00,512.00,8.35,5.00,3.00,0.00,1.00,0.00,50.00,0.41,0.00,996.00,100.00,0.00,0.00,0.00,0.00
HH-113,6.00,1.00,3.00,4.00,1.00,2.00,2.00,1.00,0.00,2714.00,2556.00,0.00,0.00,8.00,4.00,0.00,0.00,200.00,100.00,14.98,179.78,1992.00,0.00,1.00,0.00,0.00,1.00
HH-114,5.00,2.00,0.00,6.00,0.00,1.00,1.00,1.00,0.00,1481.00,1346.00,0.00,0.00,9.00,3.00,0.00,13.00,200.00,100.00,8.18,98.10,1992.00,0.00,1.00,0.00,0.00,0.00
HH-115,3.00,2.00,2.00,4.00,0.00,2.00,2.00,1.00,0.00,2634.00,2541.00,0.00,0.00,4.00,6.00,1.00,2.00,200.00,100.00,14.54,174.48,1992.00,0.00,1.00,0.00,0.00,0.00
HH-116,6.00,2.00,0.00,3.00,1.00,2.00,4.00,1.00,0.00,2718.00,2566.00,0.00,0.00,9.00,6.00,0.00,0.00,200.00,100.00,15.00,180.04,1992.00,0.00,2.00,0.00,0.00,0.00
HH-117,3.00,2.00,3.00,5.00,1.00,0.00,3.00,1.00,0.00,315.00,146.00,0.00,0.00,4.00,6.00,1.00,4.00,200.00,100.00,1.74,20.87,996.00,0.00,1.00,0.00,0.00,3.00
HH-118,4.00,4.00,2.00,7.00,0.00,0.00,2.00,1.00,0.00,382.00,146.00,0.00,0.00,8.00,3.00,0.00,3.00,200.00,100.00,2.11,25.30,1992.00,0.00,1.00,0.00,0.00,0.00
HH-119,5.00,2.00,2.00,0.00,0.00,0.00,1.00,0.00,0.00,180.00,120.00,512.00,8.00,5.00,3.00,1.00,0.00,0.00,50.00,0.99,0.00,996.00,100.00,0.00,0.00,0.00,0.00
HH-120,3.00,2.00,1.00,0.00,0.00,0.00,1.00,0.00,0.00,140.00,110.00,512.00,8.73,5.00,3.00,0.00,0.00,0.00,50.00,0.77,0.00,996.00,100.00,0.00,0.00,0.00,0.00
HH-121,6.00,1.00,0.00,5.00,0.00,0.00,1.00,0.00,1.00,245.00,151.00,0.00,0.00,4.00,4.00,1.00,5.00,200.00,100.00,1.35,16.23,996.00,0.00,1.00,0.00,0.00,0.00
HH-122,6.00,2.00,0.00,6.00,3.00,0.00,1.00,1.00,0.00,451.00,151.00,0.00,0.00,8.00,4.00,1.00,7.00,200.00,100.00,2.49,29.87,1992.00,0.00,2.00,0.00,0.00,0.00
HH-123,3.00,2.00,0.00,0.00,2.00,0.00,2.00,0.00,0.00,280.00,115.00,512.00,8.35,4.00,6.00,0.00,0.00,0.00,50.00,1.55,0.00,996.00,100.00,0.00,0.00,0.00,0.00
HH-124,5.00,4.00,2.00,0.00,4.00,0.00,1.00,1.00,0.00,485.00,146.00,0.00,0.00,4.00,3.00,0.00,1.00,200.00,100.00,2.68,32.13,1992.00,0.00,1.00,0.00,0.00,0.00
HH-125,5.00,2.00,3.00,0.00,1.00,2.00,2.00,1.00,0.00,2670.00,2551.00,0.00,0.00,8.00,4.00,0.00,0.00,200.00,100.00,14.74,176.86,1992.00,0.00,1.00,0.00,0.00,0.00
HH-126,3.00,1.00,2.00,0.00,3.00,0.00,3.00,1.00,0.00,285.00,146.00,0.00,0.00,9.00,3.00,1.00,0.00,200.00,100.00,1.57,18.88,996.00,0.00,1.00,0.00,0.00,0.00
HH-127,7.00,2.00,1.00,0.00,2.00,0.00,2.00,1.00,0.00,340.00,161.00,0.00,0.00,4.00,4.00,0.00,1.00,200.00,100.00,1.88,22.52,996.00,0.00,2.00,0.00,0.00,0.00
HH-128,6.00,0.00,0.00,0.00,3.00,0.00,3.00,0.00,1.00,285.00,161.00,0.00,0.00,5.00,3.00,0.00,7.00,200.00,100.00,1.57,0.00,996.00,0.00,1.00,0.00,0.00,1.00
HH-129,5.00,0.00,3.00,0.00,1.00,0.00,0.00,0.00,0.00,180.00,115.00,512.00,8.35,4.00,4.00,0.00,0.00,0.00,50.00,0.99,0.00,996.00,100.00,0.00,0.00,0.00,0.00
HH-130,6.00,2.00,1.00,8.00,1.00,0.00,2.00,0.00,0.00,368.00,130.00,512.00,7.38,4.00,3.00,1.00,0.00,0.00,50.00,2.03,0.00,1992.00,100.00,0.00,0.00,0.00,0.00
HH-131,5.00,1.00,2.00,0.00,2.00,0.00,2.00,0.00,0.00,320.00,125.00,512.00,7.68,4.00,6.00,0.00,0.00,0.00,50.00,1.77,0.00,996.00,100.00,0.00,0.00,0.00,0.00
HH-132,3.00,2.00,3.00,0.00,1.00,0.00,1.00,0.00,0.00,210.00,110.00,512.00,8.73,4.00,3.00,1.00,0.00,200.00,100.00,1.16,13.91,996.00,0.00,1.00,0.00,0.00,0.00
HH-133,5.00,2.00,0.00,0.00,1.00,0.00,2.00,1.00,0.00,240.00,151.00,0.00,0.00,0.00,3.00,0.00,0.00,200.00,100.00,1.32,15.90,996.00,0.00,1.00,0.00,0.00,0.00
HH-134,6.00,1.00,0.00,0.00,2.00,2.00,4.00,1.00,0.00,2680.00,2566.00,0.00,0.00,8.00,3.00,0.00,2.00,200.00,100.00,14.79,177.52,1992.00,0.00,2.00,0.00,0.00,0.00
HH-135,3.00,2.00,3.00,0.00,1.00,0.00,3.00,0.00,1.00,235.00,146.00,0.00,0.00,4.00,4.00,0.00,6.00,200.00,100.00,1.30,15.57,996.00,0.00,1.00,0.00,0.00,2.00
HH-136,6.00,1.00,0.00,0.00,0.00,0.00,3.00,0.00,0.00,175.00,135.00,512.00,7.11,5.00,4.00,0.00,0.00,0.00,50.00,0.97,0.00,996.00,100.00,0.00,0.00,0.00,0.00
HH-137,4.00,2.00,0.00,0.00,0.00,0.00,2.00,0.00,0.00,210.00,120.00,512.00,8.00,5.00,6.00,0.00,1.00,0.00,50.00,1.16,0.00,996.00,100.00,0.00,0.00,0.00,0.00
HH-138,3.00,1.00,1.00,8.00,0.00,2.00,4.00,1.00,0.00,2658.00,2551.00,0.00,0.00,8.00,3.00,1.00,2.00,200.00,100.00,14.67,176.07,1992.00,0.00,1.00,0.00,0.00,2.00
HH-139,5.00,4.00,2.00,0.00,0.00,0.00,2.00,0.00,0.00,290.00,125.00,512.00,7.68,4.00,4.00,0.00,2.00,200.00,100.00,1.60,19.21,996.00,0.00,1.00,0.00,0.00,0.00
HH-140,3.00,2.00,3.00,5.00,1.00,2.00,0.00,1.00,0.00,2700.00,2531.00,0.00,0.00,9.00,5.00,0.00,0.00,200.00,100.00,14.90,178.85,1992.00,0.00,2.00,0.00,1.00,0.00
HH-141,3.00,2.00,0.00,0.00,0.00,0.00,4.00,0.00,0.00,145.00,125.00,512.00,7.68,5.00,3.00,0.00,0.00,0.00,50.00,0.80,0.00,996.00,100.00,0.00,0.00,0.00,0.00
HH-142,4.00,1.00,0.00,0.00,0.00,0.00,2.00,0.00,0.00,150.00,120.00,512.00,8.00,5.00,5.00,0.00,0.00,0.00,50.00,0.83,0.00,996.00,100.00,0.00,0.00,0.00,0.00
HH-143,4.00,2.00,2.00,5.00,3.00,3.00,4.00,1.00,0.00,4030.00,3756.00,0.00,0.00,18.00,7.00,1.00,0.00,200.00,100.00,22.25,266.95,1992.00,0.00,1.00,0.00,0.00,0.00
HH-144,3.00,1.00,0.00,0.00,0.00,0.00,3.00,0.00,0.00,100.00,120.00,512.00,8.00,4.00,3.00,0.00,0.00,200.00,100.00,0.55,6.62,996.00,0.00,1.00,0.00,0.00,0.00
HH-145,3.00,4.00,2.00,5.00,2.00,2.00,2.00,1.00,0.00,2830.00,2541.00,0.00,0.00,9.00,3.00,1.00,2.00,200.00,100.00,15.62,187.46,1992.00,0.00,2.00,0.00,0.00,0.00
HH-146,5.00,2.00,2.00,7.00,1.00,0.00,3.00,1.00,0.00,377.00,156.00,0.00,0.00,4.00,4.00,0.00,0.00,200.00,100.00,2.08,24.97,1992.00,0.00,1.00,0.00,0.00,0.00
HH-147,6.00,2.00,1.00,5.00,1.00,0.00,4.00,0.00,1.00,360.00,166.00,0.00,0.00,5.00,4.00,0.00,5.00,100.00,50.00,1.99,23.85,996.00,100.00,0.00,0.00,0.00,0.00
HH-148,3.00,2.00,2.00,6.00,0.00,2.00,2.00,0.00,1.00,2666.00,2541.00,0.00,0.00,9.00,6.00,0.00,4.00,200.00,100.00,14.72,176.60,1992.00,0.00,0.00,0.00,0.00,2.00
HH-149,5.00,2.00,3.00,6.00,3.00,1.00,3.00,1.00,0.00,1671.00,1356.00,0.00,0.00,8.00,3.00,0.00,1.00,200.00,100.00,9.22,110.69,1992.00,0.00,2.00,0.00,0.00,0.00
HH-150,4.00,2.00,0.00,3.00,5.00,2.00,2.00,1.00,0.00,2868.00,2546.00,0.00,0.00,9.00,4.00,1.00,3.00,200.00,100.00,15.83,189.98,1992.00,0.00,1.00,0.00,0.00,0.00
HH-151,5.00,1.00,0.00,0.00,0.00,0.00,2.00,0.00,0.00,175.00,125.00,512.00,7.68,4.00,5.00,0.00,0.00,0.00,50.00,0.97,0.00,996.00,100.00,0.00,0.00,0.00,0.00
HH-152,4.00,0.00,3.00,0.00,0.00,0.00,3.00,0.00,0.00,105.00,125.00,512.00,7.68,4.00,3.00,0.00,0.00,0.00,50.00,0.58,0.00,996.00,100.00,0.00,0.00,0.00,0.00
HH-153,5.00,2.00,0.00,4.00,3.00,0.00,4.00,1.00,0.00,414.00,161.00,0.00,0.00,6.00,4.00,1.00,2.00,200.00,100.00,2.29,27.42,1992.00,0.00,2.00,1.00,0.00,0.00
HH-154,3.00,2.00,2.00,0.00,1.00,0.00,2.00,0.00,1.00,220.00,141.00,0.00,0.00,5.00,4.00,0.00,4.00,200.00,100.00,1.21,14.57,996.00,0.00,1.00,1.00,0.00,0.00
HH-155,6.00,2.00,3.00,0.00,2.00,0.00,3.00,1.00,0.00,345.00,161.00,0.00,0.00,6.00,4.00,1.00,8.00,200.00,100.00,1.90,22.85,996.00,0.00,2.00,1.00,0.00,0.00
HH-156,3.00,0.00,0.00,0.00,1.00,1.00,2.00,0.00,1.00,1320.00,1341.00,0.00,0.00,4.00,4.00,0.00,9.00,200.00,100.00,7.29,87.44,1992.00,0.00,1.00,1.00,1.00,0.00
HH-157,5.00,0.00,1.00,0.00,1.00,0.00,2.00,1.00,0.00,170.00,151.00,0.00,0.00,8.00,4.00,0.00,0.00,200.00,100.00,0.94,11.26,996.00,0.00,1.00,1.00,0.00,0.00
HH-158,3.00,2.00,0.00,0.00,1.00,2.00,3.00,1.00,0.00,2605.00,2546.00,0.00,0.00,8.00,3.00,1.00,0.00,200.00,100.00,14.38,172.56,1992.00,0.00,1.00,1.00,0.00,0.00
HH-159,3.00,0.00,0.00,0.00,0.00,0.00,2.00,0.00,0.00,70.00,115.00,512.00,8.35,4.00,4.00,0.00,0.00,0.00,50.00,0.39,0.00,996.00,100.00,0.00,0.00,0.00,0.00
HH-160,5.00,0.00,0.00,0.00,0.00,0.00,2.00,0.00,0.00,85.00,125.00,512.00,7.68,4.00,3.00,1.00,0.00,0.00,50.00,0.47,0.00,996.00,100.00,0.00,0.00,0.00,0.00
HH-161,5.00,0.00,2.00,0.00,1.00,0.00,2.00,1.00,0.00,180.00,151.00,0.00,0.00,6.00,4.00,0.00,2.00,200.00,100.00,0.99,11.92,996.00,0.00,1.00,2.00,0.00,0.00
HH-162,4.00,0.00,3.00,0.00,0.00,0.00,3.00,1.00,0.00,125.00,151.00,0.00,0.00,9.00,4.00,0.00,7.00,200.00,100.00,0.69,8.28,996.00,0.00,2.00,2.00,0.00,0.00
HH-163,5.00,2.00,2.00,0.00,0.00,0.00,2.00,0.00,1.00,210.00,151.00,0.00,0.00,7.00,4.00,0.00,4.00,200.00,100.00,1.16,13.91,996.00,0.00,1.00,2.00,0.00,2.00
HH-164,3.00,2.00,1.00,0.00,1.00,0.00,3.00,1.00,0.00,215.00,146.00,0.00,0.00,5.00,4.00,1.00,2.00,200.00,100.00,1.19,14.24,996.00,0.00,1.00,1.00,0.00,0.00
HH-165,6.00,0.00,0.00,0.00,0.00,0.00,3.00,0.00,0.00,135.00,135.00,512.00,7.11,4.00,4.00,0.00,1.00,0.00,50.00,0.75,0.00,996.00,100.00,0.00,0.00,0.00,0.00
HH-166,6.00,2.00,3.00,4.00,3.00,3.00,2.00,0.00,1.00,4054.00,3756.00,0.00,0.00,18.00,7.00,1.00,5.00,200.00,100.00,22.38,268.54,1992.00,0.00,2.00,1.00,0.00,0.00
HH-167,7.00,0.00,1.00,3.00,1.00,2.00,2.00,0.00,1.00,2658.00,2561.00,0.00,0.00,8.00,4.00,0.00,2.00,200.00,100.00,14.67,176.07,1992.00,0.00,1.00,2.00,0.00,0.00
HH-168,4.00,0.00,2.00,0.00,1.00,0.00,3.00,1.00,0.00,165.00,151.00,0.00,0.00,4.00,4.00,1.00,1.00,200.00,100.00,0.91,10.93,996.00,0.00,1.00,2.00,0.00,0.00
HH-169,4.00,0.00,0.00,0.00,0.00,0.00,2.00,0.00,0.00,90.00,120.00,512.00,8.00,4.00,4.00,0.00,0.00,0.00,50.00,0.50,0.00,996.00,100.00,0.00,0.00,0.00,0.00
HH-170,5.00,2.00,0.00,3.00,0.00,0.00,4.00,1.00,0.00,248.00,161.00,0.00,0.00,7.00,4.00,0.00,0.00,200.00,100.00,1.37,16.43,996.00,0.00,1.00,2.00,0.00,2.00
HH-171,5.00,4.00,0.00,3.00,0.00,0.00,3.00,1.00,0.00,323.00,156.00,0.00,0.00,8.00,4.00,0.00,1.00,200.00,100.00,1.78,21.40,996.00,0.00,2.00,2.00,0.00,0.00
HH-172,6.00,2.00,0.00,3.00,0.00,0.00,3.00,1.00,0.00,263.00,161.00,0.00,0.00,8.00,3.00,0.00,0.00,200.00,100.00,1.45,17.42,996.00,0.00,1.00,2.00,1.00,0.00
HH-173,4.00,1.00,2.00,1.00,1.00,0.00,2.00,1.00,0.00,216.00,146.00,0.00,0.00,4.00,3.00,0.00,2.00,200.00,100.00,1.19,14.31,996.00,0.00,1.00,2.00,0.00,0.00
HH-174,3.00,2.00,2.00,1.00,2.00,0.00,4.00,0.00,1.00,296.00,151.00,0.00,0.00,9.00,3.00,0.00,4.00,200.00,100.00,1.63,19.61,996.00,0.00,1.00,2.00,0.00,0.00
HH-175,7.00,0.00,2.00,0.00,1.00,0.00,2.00,1.00,0.00,220.00,161.00,0.00,0.00,7.00,4.00,0.00,4.00,200.00,100.00,1.21,14.57,996.00,0.00,1.00,1.00,0.00,0.00
HH-176,4.00,0.00,0.00,0.00,1.00,0.00,0.00,0.00,0.00,130.00,110.00,512.00,8.73,4.00,4.00,1.00,0.00,0.00,50.00,0.72,0.00,996.00,100.00,0.00,0.00,0.00,0.00
HH-177,4.00,2.00,2.00,3.00,1.00,0.00,4.00,0.00,0.00,298.00,130.00,512.00,7.38,4.00,4.00,0.00,0.00,0.00,50.00,1.64,0.00,996.00,100.00,0.00,0.00,0.00,0.00
HH-178,3.00,1.00,1.00,1.50,2.00,0.00,2.00,1.00,0.00,244.00,141.00,0.00,0.00,5.00,4.00,0.00,0.00,200.00,100.00,1.35,16.16,996.00,0.00,1.00,2.00,0.00,0.00
HH-179,4.00,2.00,2.00,2.00,3.00,0.00,4.00,0.00,1.00,382.00,156.00,0.00,0.00,5.00,4.00,0.00,1.00,200.00,100.00,2.11,25.30,1992.00,0.00,2.00,2.00,0.00,0.00
HH-180,4.00,2.00,0.00,6.00,1.00,2.00,3.00,1.00,0.00,2721.00,2551.00,0.00,0.00,9.00,5.00,0.00,0.00,200.00,100.00,15.02,180.24,1992.00,0.00,1.00,2.00,0.00,0.00
HH-181,5.00,1.00,3.00,8.00,1.00,0.00,2.00,0.00,1.00,358.00,151.00,0.00,0.00,4.00,4.00,0.00,4.00,200.00,100.00,1.98,23.71,996.00,0.00,1.00,2.00,0.00,0.00
HH-182,3.00,2.00,2.00,5.00,2.00,1.00,2.00,1.00,0.00,1550.00,1341.00,0.00,0.00,8.00,4.00,1.00,3.00,200.00,100.00,8.56,102.67,1992.00,0.00,1.00,2.00,0.00,0.00
HH-183,4.00,2.00,1.00,7.00,2.00,0.00,2.00,1.00,0.00,392.00,146.00,0.00,0.00,5.00,3.00,0.00,4.00,200.00,100.00,2.16,25.97,1992.00,0.00,1.00,1.00,0.00,2.00
HH-184,4.00,1.00,0.00,0.00,0.00,0.00,2.00,0.00,0.00,150.00,120.00,512.00,8.00,7.00,5.00,0.00,0.00,0.00,50.00,0.83,0.00,996.00,100.00,0.00,0.00,0.00,0.00
HH-185,4.00,0.00,0.00,0.00,0.00,0.00,3.00,0.00,0.00,95.00,125.00,512.00,7.68,7.00,4.00,0.00,0.00,0.00,50.00,0.52,0.00,996.00,100.00,0.00,0.00,0.00,0.00
HH-186,5.00,2.00,2.00,4.00,3.00,0.00,4.00,1.00,0.00,434.00,161.00,0.00,0.00,6.00,4.00,1.00,2.00,200.00,100.00,2.40,28.75,1992.00,0.00,2.00,1.00,0.00,0.00
HH-187,3.00,2.00,2.00,3.00,1.00,0.00,2.00,0.00,1.00,268.00,141.00,0.00,0.00,5.00,4.00,0.00,0.00,200.00,100.00,1.48,17.75,996.00,0.00,1.00,1.00,0.00,0.00
HH-188,4.00,2.00,3.00,5.00,2.00,0.00,3.00,1.00,0.00,385.00,151.00,0.00,0.00,6.00,4.00,1.00,2.00,200.00,100.00,2.13,25.50,1992.00,0.00,2.00,1.00,0.00,0.00
HH-189,3.00,2.00,1.00,5.00,1.00,1.00,2.00,0.00,1.00,1490.00,1341.00,0.00,0.00,4.00,4.00,0.00,1.00,200.00,100.00,8.22,98.70,1992.00,0.00,1.00,1.00,1.00,0.00
HH-190,5.00,2.00,1.00,6.00,1.00,0.00,2.00,1.00,0.00,346.00,151.00,0.00,0.00,8.00,4.00,1.00,9.00,200.00,100.00,1.91,22.92,996.00,0.00,1.00,1.00,0.00,0.00
HH-191,3.00,2.00,0.00,5.00,1.00,2.00,3.00,1.00,0.00,2685.00,2546.00,0.00,0.00,9.00,5.00,1.00,0.00,200.00,100.00,14.82,177.85,1992.00,0.00,1.00,1.00,0.00,0.00
HH-192,3.00,0.00,0.00,0.00,0.00,0.00,2.00,0.00,0.00,70.00,115.00,512.00,8.35,4.00,4.00,0.00,0.00,0.00,50.00,0.39,0.00,996.00,100.00,0.00,0.00,0.00,0.00
HH-193,5.00,0.00,0.00,0.00,0.00,0.00,2.00,0.00,0.00,85.00,125.00,512.00,7.68,4.00,3.00,0.00,0.00,0.00,50.00,0.47,0.00,996.00,100.00,0.00,0.00,0.00,0.00
HH-194,3.00,0.00,2.00,0.00,1.00,0.00,2.00,1.00,0.00,140.00,141.00,0.00,0.00,6.00,4.00,0.00,2.00,200.00,100.00,0.77,9.27,996.00,0.00,1.00,2.00,0.00,0.00
HH-195,4.00,0.00,3.00,0.00,0.00,0.00,3.00,1.00,0.00,125.00,151.00,0.00,0.00,9.00,4.00,0.00,3.00,200.00,100.00,0.69,8.28,996.00,0.00,2.00,2.00,0.00,0.00
HH-196,5.00,2.00,2.00,0.00,0.00,0.00,2.00,0.00,1.00,210.00,151.00,0.00,0.00,7.00,4.00,0.00,5.00,200.00,100.00,1.16,13.91,996.00,0.00,1.00,2.00,0.00,0.00
HH-197,3.00,2.00,1.00,0.00,1.00,0.00,3.00,1.00,0.00,215.00,146.00,0.00,0.00,5.00,4.00,0.00,2.00,200.00,100.00,1.19,14.24,996.00,0.00,1.00,1.00,0.00,0.00
HH-198,5.00,0.00,0.00,0.00,0.00,0.00,3.00,0.00,0.00,115.00,130.00,512.00,7.38,4.00,4.00,0.00,2.00,0.00,50.00,0.63,0.00,996.00,100.00,0.00,0.00,0.00,0.00
HH-199,6.00,2.00,3.00,0.00,0.00,0.00,2.00,0.00,1.00,240.00,156.00,0.00,0.00,8.00,3.00,1.00,0.00,200.00,100.00,1.32,15.90,996.00,0.00,2.00,1.00,0.00,0.00
HH-200,7.00,0.00,1.00,3.00,1.00,2.00,2.00,0.00,1.00,2658.00,2561.00,0.00,0.00,9.00,4.00,0.00,2.00,200.00,100.00,14.67,176.07,1992.00,0.00,1.00,2.00,0.00,0.00
HH-201,4.00,0.00,2.00,0.00,1.00,0.00,3.00,1.00,0.00,165.00,151.00,0.00,0.00,4.00,4.00,1.00,1.00,200.00,100.00,0.91,10.93,996.00,0.00,1.00,2.00,0.00,0.00
HH-202,4.00,0.00,0.00,0.00,0.00,0.00,2.00,0.00,0.00,90.00,120.00,512.00,8.00,4.00,4.00,0.00,0.00,0.00,50.00,0.50,0.00,996.00,100.00,0.00,0.00,0.00,0.00
HH-203,5.00,2.00,0.00,3.00,0.00,0.00,4.00,1.00,0.00,248.00,161.00,0.00,0.00,7.00,4.00,0.00,0.00,200.00,100.00,1.37,16.43,996.00,0.00,1.00,2.00,0.00,2.00
HH-204,5.00,4.00,0.00,3.00,0.00,0.00,3.00,1.00,0.00,323.00,156.00,0.00,0.00,8.00,4.00,0.00,1.00,200.00,100.00,1.78,21.40,996.00,0.00,2.00,2.00,0.00,0.00
HH-205,6.00,2.00,0.00,2.50,0.00,0.00,3.00,1.00,0.00,255.00,161.00,0.00,0.00,8.00,3.00,0.00,0.00,200.00,100.00,1.41,16.89,996.00,0.00,1.00,2.00,1.00,2.00
HH-206,4.00,1.00,2.00,1.00,1.00,0.00,2.00,1.00,0.00,216.00,146.00,0.00,0.00,4.00,3.00,0.00,2.00,200.00,100.00,1.19,14.31,996.00,0.00,1.00,2.00,0.00,0.00
HH-207,3.00,2.00,2.00,1.00,2.00,0.00,4.00,0.00,1.00,296.00,151.00,0.00,0.00,9.00,3.00,1.00,3.00,200.00,100.00,1.63,19.61,996.00,0.00,1.00,2.00,0.00,0.00
HH-208,3.00,0.00,2.00,0.00,1.00,0.00,2.00,1.00,0.00,140.00,141.00,0.00,0.00,7.00,4.00,0.00,4.00,200.00,100.00,0.77,9.27,996.00,0.00,1.00,1.00,0.00,0.00
HH-209,4.00,0.00,0.00,0.00,1.00,0.00,0.00,0.00,0.00,130.00,110.00,512.00,8.73,4.00,4.00,0.00,0.00,0.00,50.00,0.72,0.00,996.00,100.00,0.00,0.00,0.00,0.00
HH-210,4.00,1.00,0.00,0.00,0.00,0.00,4.00,0.00,0.00,140.00,130.00,512.00,7.38,4.00,4.00,0.00,0.00,0.00,50.00,0.77,0.00,996.00,100.00,0.00,0.00,0.00,0.00
HH-211,3.00,1.00,1.00,1.50,2.00,0.00,2.00,1.00,0.00,244.00,141.00,0.00,0.00,5.00,4.00,0.00,0.00,200.00,100.00,1.35,16.16,996.00,0.00,1.00,2.00,0.00,0.00
HH-212,4.00,2.00,2.00,1.50,3.00,0.00,4.00,0.00,1.00,374.00,156.00,0.00,0.00,5.00,4.00,0.00,1.00,200.00,100.00,2.06,24.77,1992.00,0.00,2.00,2.00,0.00,0.00
HH-213,4.00,2.00,0.00,6.00,1.00,2.00,3.00,0.00,1.00,2721.00,2551.00,0.00,0.00,8.00,4.00,0.00,4.00,200.00,100.00,15.02,180.24,1992.00,0.00,1.00,2.00,0.00,0.00
HH-214,5.00,1.00,3.00,8.00,1.00,0.00,2.00,0.00,1.00,358.00,151.00,0.00,0.00,4.00,4.00,0.00,5.00,200.00,100.00,1.98,23.71,996.00,0.00,1.00,2.00,0.00,0.00
HH-215,6.00,0.00,0.00,0.00,2.00,0.00,2.00,1.00,0.00,230.00,156.00,0.00,0.00,8.00,4.00,1.00,2.00,200.00,100.00,1.27,15.24,996.00,0.00,1.00,2.00,0.00,0.00
HH-216,4.00,0.00,0.00,0.00,1.00,0.00,2.00,0.00,1.00,140.00,146.00,0.00,0.00,5.00,3.00,0.00,6.00,200.00,100.00,0.77,9.27,996.00,0.00,1.00,1.00,0.00,0.00
HH-217,5.00,0.00,0.00,0.00,0.00,0.00,0.00,0.00,0.00,50.00,115.00,512.00,8.35,7.00,2.00,0.00,2.00,0.00,50.00,0.28,0.00,996.00,100.00,0.00,0.00,0.00,0.00
HH-218,7.00,4.00,3.00,0.00,1.00,0.00,3.00,1.00,0.00,395.00,166.00,0.00,0.00,4.00,4.00,0.00,1.00,200.00,100.00,2.18,26.16,1992.00,0.00,1.00,1.00,0.00,0.00
HH-219,6.00,2.00,2.00,0.00,1.00,0.00,3.00,1.00,0.00,285.00,161.00,0.00,0.00,8.00,3.00,1.00,0.00,200.00,100.00,1.57,18.88,996.00,0.00,2.00,1.00,0.00,0.00
HH-220,4.00,1.00,2.00,0.00,1.00,1.00,2.00,1.00,0.00,1400.00,1346.00,0.00,0.00,8.00,4.00,1.00,0.00,200.00,100.00,7.73,92.74,1992.00,0.00,1.00,1.00,0.00,0.00
HH-221,6.00,1.00,2.00,0.00,1.00,2.00,2.00,0.00,1.00,2640.00,2556.00,0.00,0.00,9.00,4.00,0.00,6.00,200.00,100.00,14.57,174.87,1992.00,0.00,1.00,1.00,0.00,0.00
HH-222,3.00,1.00,0.00,0.00,0.00,0.00,3.00,0.00,0.00,115.00,120.00,512.00,8.00,4.00,4.00,0.00,1.00,0.00,50.00,0.63,0.00,996.00,100.00,0.00,0.00,0.00,0.00
HH-223,4.00,0.00,0.00,0.00,0.00,0.00,2.00,0.00,0.00,70.00,120.00,512.00,8.00,9.00,3.00,0.00,0.00,0.00,50.00,0.39,0.00,996.00,100.00,0.00,0.00,0.00,0.00
HH-224,4.00,0.00,0.00,0.00,0.00,2.00,0.00,0.00,0.00,2520.00,110.00,512.00,8.73,9.00,6.00,0.00,0.00,0.00,50.00,13.91,0.00,1992.00,100.00,0.00,0.00,0.00,0.00
HH-225,5.00,2.00,3.00,8.00,2.00,2.00,3.00,1.00,0.00,2853.00,2556.00,0.00,0.00,8.00,3.00,0.00,4.00,200.00,100.00,15.75,188.98,1992.00,0.00,1.00,2.00,0.00,0.00
HH-226,5.00,1.00,0.00,0.00,0.00,0.00,2.00,0.00,1.00,150.00,151.00,0.00,0.00,0.00,4.00,0.00,0.00,200.00,100.00,0.83,9.94,996.00,0.00,2.00,2.00,0.00,0.00
HH-227,3.00,1.00,2.00,4.00,1.00,2.00,3.00,0.00,1.00,2649.00,2546.00,0.00,0.00,9.00,4.00,0.00,0.00,200.00,100.00,14.62,175.47,1992.00,0.00,1.00,2.00,0.00,0.00
HH-228,6.00,2.00,2.00,0.00,1.00,0.00,2.00,1.00,0.00,280.00,156.00,0.00,0.00,4.00,6.00,1.00,2.00,200.00,100.00,1.55,18.55,996.00,0.00,1.00,2.00,1.00,0.00
HH-229,5.00,0.00,0.00,0.00,0.00,0.00,2.00,0.00,0.00,85.00,125.00,512.00,7.68,8.00,3.00,0.00,0.00,200.00,100.00,0.47,5.63,996.00,0.00,1.00,2.00,0.00,0.00
HH-230,5.00,0.00,2.00,0.00,2.00,0.00,2.00,1.00,0.00,230.00,151.00,0.00,0.00,0.00,0.00,1.00,0.00,200.00,100.00,1.27,15.24,996.00,0.00,2.00,1.00,0.00,2.00
HH-231,6.00,5.00,2.00,5.00,1.00,0.00,3.00,1.00,1.00,485.00,161.00,0.00,0.00,4.00,3.00,0.00,2.00,200.00,100.00,2.68,32.13,1992.00,0.00,1.00,1.00,0.00,0.00
HH-232,6.00,0.00,3.00,0.00,1.00,2.00,2.00,1.00,0.00,2610.00,2556.00,0.00,0.00,9.00,4.00,0.00,1.00,200.00,100.00,14.41,172.89,1992.00,0.00,1.00,1.00,0.00,0.00
HH-233,5.00,0.00,0.00,0.00,0.00,0.00,2.00,0.00,0.00,85.00,125.00,512.00,7.68,5.00,3.00,0.00,0.00,0.00,50.00,0.47,0.00,996.00,100.00,0.00,0.00,0.00,0.00
HH-234,4.00,2.00,1.00,0.00,1.00,1.00,2.00,1.00,1.00,1430.00,1346.00,0.00,0.00,9.00,1.00,0.00,0.00,200.00,100.00,7.89,94.72,1992.00,0.00,1.00,1.00,0.00,0.00
HH-235,5.00,2.00,0.00,0.00,1.00,0.00,2.00,1.00,1.00,240.00,151.00,0.00,0.00,6.00,6.00,0.00,16.00,200.00,100.00,1.32,15.90,996.00,0.00,2.00,1.00,0.00,0.00
HH-236,3.00,0.00,2.00,5.00,0.00,2.00,3.00,1.00,0.00,2575.00,2546.00,0.00,0.00,8.00,6.00,1.00,0.00,200.00,100.00,14.21,170.57,1992.00,0.00,1.00,1.00,0.00,0.00
HH-237,4.00,0.00,0.00,0.00,0.00,0.00,2.00,0.00,0.00,70.00,120.00,512.00,8.00,8.00,3.00,0.00,0.00,0.00,50.00,0.39,0.00,996.00,100.00,0.00,0.00,0.00,0.00
HH-238,6.00,2.00,2.00,5.00,0.00,0.00,3.00,0.00,1.00,315.00,161.00,0.00,0.00,9.00,3.00,0.00,3.00,200.00,100.00,1.74,20.87,996.00,0.00,1.00,2.00,0.00,0.00
HH-239,4.00,2.00,3.00,6.00,1.00,0.00,2.00,0.00,1.00,346.00,146.00,0.00,0.00,4.00,3.00,1.00,4.00,200.00,100.00,1.91,22.92,996.00,0.00,2.00,2.00,0.00,0.00
HH-240,4.00,0.00,2.00,5.00,0.00,0.00,2.00,1.00,0.00,190.00,146.00,0.00,0.00,4.00,4.00,0.00,0.00,200.00,100.00,1.05,12.59,996.00,0.00,1.00,2.00,0.00,0.00
HH-241,4.00,0.00,0.00,0.00,0.00,0.00,1.00,0.00,0.00,85.00,115.00,512.00,8.35,5.00,4.00,0.00,2.00,0.00,50.00,0.47,0.00,996.00,100.00,0.00,0.00,0.00,0.00
HH-242,6.00,2.00,0.00,0.00,1.00,0.00,2.00,0.00,1.00,260.00,156.00,0.00,0.00,4.00,6.00,0.00,0.00,200.00,100.00,1.44,17.22,996.00,0.00,1.00,2.00,0.00,0.00
HH-243,7.00,0.00,3.00,5.00,1.00,0.00,3.00,0.00,1.00,315.00,166.00,0.00,0.00,8.00,3.00,0.00,1.00,200.00,100.00,1.74,20.87,996.00,0.00,2.00,2.00,0.00,0.00
HH-244,3.00,1.00,0.00,0.00,0.00,0.00,2.00,0.00,0.00,110.00,115.00,512.00,8.35,5.00,4.00,0.00,0.00,0.00,50.00,0.61,0.00,996.00,100.00,0.00,0.00,0.00,0.00
HH-245,5.00,0.00,0.00,0.00,0.00,0.00,3.00,0.00,0.00,90.00,130.00,512.00,7.38,5.00,3.00,0.00,0.00,0.00,50.00,0.50,0.00,996.00,100.00,0.00,0.00,0.00,0.00
HH-246,4.00,0.00,3.00,7.00,0.00,2.00,0.00,1.00,0.00,2622.00,2536.00,0.00,0.00,9.00,4.00,0.00,2.00,200.00,100.00,14.47,173.68,1992.00,0.00,1.00,1.00,0.00,1.00
HH-247,3.00,2.00,0.00,8.00,0.00,0.00,2.00,1.00,0.00,278.00,141.00,0.00,0.00,8.00,5.00,0.00,4.00,200.00,100.00,1.53,18.41,996.00,0.00,2.00,1.00,0.00,0.00
HH-248,4.00,2.00,0.00,9.00,1.00,0.00,2.00,1.00,0.00,364.00,146.00,0.00,0.00,4.00,3.00,0.00,2.00,200.00,100.00,2.01,24.11,1992.00,0.00,1.00,1.00,0.00,0.00
HH-249,5.00,4.00,3.00,0.00,2.00,0.00,1.00,0.00,1.00,395.00,146.00,0.00,0.00,4.00,3.00,1.00,1.00,200.00,100.00,2.18,26.16,1992.00,0.00,1.00,2.00,0.00,0.00
HH-250,4.00,0.00,0.00,0.00,0.00,0.00,2.00,0.00,0.00,90.00,120.00,512.00,8.00,4.00,4.00,0.00,0.00,0.00,50.00,0.50,0.00,996.00,100.00,0.00,0.00,0.00,0.00
HH-251,7.00,1.00,1.00,0.00,1.00,2.00,4.00,0.00,1.00,2660.00,2571.00,0.00,0.00,8.00,4.00,0.00,0.00,200.00,100.00,14.68,176.20,1992.00,0.00,1.00,1.00,0.00,0.00
HH-252,6.00,1.00,0.00,0.00,0.00,0.00,3.00,0.00,0.00,175.00,135.00,512.00,7.11,4.00,4.00,0.00,0.00,200.00,100.00,0.97,11.59,996.00,0.00,2.00,1.00,0.00,0.00
HH-253,3.00,1.00,3.00,0.00,2.00,0.00,3.00,0.00,1.00,245.00,146.00,0.00,0.00,5.00,6.00,1.00,0.00,200.00,100.00,1.35,16.23,996.00,0.00,1.00,2.00,0.00,0.00
HH-254,5.00,0.00,0.00,10.00,3.00,0.00,2.00,0.00,1.00,420.00,151.00,0.00,0.00,7.00,3.00,1.00,2.00,200.00,100.00,2.32,27.82,1992.00,0.00,1.00,2.00,0.00,0.00
HH-255,5.00,0.00,0.00,0.00,0.00,0.00,4.00,0.00,0.00,120.00,135.00,512.00,7.11,8.00,4.00,0.00,3.00,0.00,50.00,0.66,0.00,996.00,100.00,0.00,0.00,0.00,1.00
HH-256,6.00,2.00,3.00,0.00,0.00,0.00,2.00,0.00,1.00,240.00,156.00,0.00,0.00,4.00,3.00,0.00,4.00,200.00,100.00,1.32,15.90,996.00,0.00,1.00,2.00,0.00,0.00
HH-257,3.00,0.00,0.00,0.00,0.00,0.00,3.00,0.00,0.00,45.00,120.00,512.00,21.33,4.00,2.00,0.00,0.00,0.00,50.00,0.25,0.00,996.00,100.00,0.00,0.00,0.00,0.00
HH-258,5.00,1.00,0.00,0.00,0.00,0.00,4.00,0.00,0.00,135.00,135.00,512.00,7.11,9.00,3.00,0.00,0.00,0.00,50.00,0.75,0.00,996.00,100.00,0.00,0.00,0.00,0.00
HH-259,6.00,0.00,0.00,0.00,0.00,0.00,2.00,0.00,0.00,40.00,130.00,512.00,7.38,4.00,1.00,0.00,0.00,200.00,100.00,0.22,2.65,996.00,0.00,0.00,2.00,0.00,0.00
HH-260,3.00,4.00,2.00,5.00,3.00,1.00,4.00,1.00,0.00,1690.00,1351.00,0.00,0.00,8.00,6.00,0.00,2.00,200.00,100.00,9.33,111.95,1992.00,0.00,0.00,2.00,0.00,0.00
HH-261,4.00,1.00,0.00,0.00,0.00,0.00,3.00,0.00,0.00,175.00,125.00,512.00,7.68,4.00,6.00,0.00,0.00,0.00,50.00,0.97,0.00,996.00,100.00,0.00,0.00,0.00,0.00
HH-262,3.00,2.00,0.00,0.00,0.00,0.00,2.00,0.00,0.00,135.00,115.00,512.00,8.35,8.00,3.00,0.00,0.00,0.00,50.00,0.75,0.00,996.00,100.00,0.00,0.00,0.00,2.00
HH-263,6.00,4.00,2.00,0.00,0.00,0.00,1.00,0.00,1.00,305.00,151.00,0.00,0.00,4.00,3.00,0.00,0.00,200.00,100.00,1.68,20.20,996.00,0.00,2.00,1.00,0.00,0.00
HH-264,8.00,0.00,0.00,0.00,1.00,0.00,2.00,1.00,0.00,220.00,166.00,0.00,0.00,4.00,3.00,1.00,0.00,200.00,100.00,1.21,14.57,996.00,0.00,1.00,1.00,0.00,0.00
HH-265,3.00,2.00,3.00,0.00,1.00,1.00,0.00,1.00,0.00,1420.00,1331.00,0.00,0.00,8.00,4.00,0.00,2.00,200.00,100.00,7.84,94.06,1992.00,0.00,1.00,2.00,0.00,0.00
HH-266,4.00,0.00,2.00,0.00,0.00,3.00,3.00,1.00,0.00,3715.00,3751.00,0.00,0.00,18.00,5.00,0.00,2.00,200.00,100.00,20.51,246.08,1992.00,0.00,2.00,2.00,0.00,0.00
HH-267,3.00,1.00,0.00,0.00,0.00,0.00,3.00,0.00,0.00,100.00,120.00,512.00,8.00,5.00,3.00,0.00,0.00,0.00,50.00,0.55,6.62,996.00,100.00,0.00,0.00,0.00,0.00
HH-268,5.00,2.00,1.00,0.00,1.00,0.00,2.00,1.00,0.00,250.00,151.00,0.00,0.00,5.00,3.00,0.00,2.00,200.00,100.00,1.38,16.56,996.00,0.00,2.00,2.00,0.00,0.00
HH-269,7.00,1.00,0.00,9.00,1.00,0.00,2.00,1.00,0.00,384.00,161.00,0.00,0.00,5.00,4.00,0.00,1.00,200.00,100.00,2.12,25.44,1992.00,0.00,1.00,1.00,0.00,0.00
HH-270,6.00,1.00,3.00,0.00,0.00,0.00,3.00,1.00,0.00,205.00,161.00,0.00,0.00,4.00,4.00,1.00,0.00,200.00,100.00,1.13,13.58,996.00,0.00,1.00,1.00,0.00,0.00
HH-271,4.00,1.00,0.00,0.00,0.00,0.00,2.00,0.00,0.00,170.00,120.00,512.00,8.00,4.00,6.00,0.00,0.00,0.00,50.00,0.94,11.26,996.00,100.00,0.00,0.00,0.00,0.00
HH-272,3.00,2.00,1.00,9.00,1.00,0.00,2.00,0.00,1.00,354.00,141.00,0.00,0.00,4.00,3.00,0.00,2.00,200.00,100.00,1.95,23.45,996.00,0.00,2.00,1.00,0.00,0.00
HH-273,4.00,1.00,1.00,8.00,1.00,2.00,3.00,0.00,1.00,2723.00,2551.00,0.00,0.00,9.00,4.00,1.00,0.00,200.00,100.00,15.03,180.37,1992.00,0.00,1.00,1.00,0.00,0.00
HH-274,4.00,5.00,2.00,5.00,1.00,0.00,2.00,0.00,0.00,440.00,146.00,0.00,0.00,4.00,2.00,0.00,2.00,200.00,100.00,2.43,29.15,1992.00,0.00,2.00,2.00,0.00,0.00
HH-275,5.00,1.00,3.00,6.00,2.00,1.00,3.00,0.00,1.00,1581.00,1356.00,0.00,0.00,8.00,3.00,0.00,3.00,200.00,100.00,8.73,104.73,1992.00,0.00,1.00,2.00,0.00,0.00
HH-276,4.00,2.00,2.00,7.00,1.00,0.00,2.00,0.00,1.00,352.00,146.00,0.00,0.00,4.00,5.00,0.00,4.00,200.00,100.00,1.94,23.32,996.00,0.00,1.00,1.00,0.00,1.00
HH-277,3.00,2.00,1.00,0.00,0.00,2.00,2.00,0.00,1.00,2560.00,2541.00,0.00,0.00,8.00,3.00,1.00,1.00,200.00,100.00,14.13,169.57,1992.00,0.00,1.00,2.00,0.00,0.00
HH-278,4.00,2.00,0.00,0.00,0.00,0.00,3.00,0.00,0.00,155.00,125.00,512.00,7.68,4.00,3.00,0.00,0.00,0.00,50.00,0.86,0.00,996.00,100.00,0.00,0.00,0.00,0.00
HH-279,3.00,0.00,0.00,0.00,0.00,0.00,3.00,0.00,0.00,60.00,120.00,512.00,8.00,4.00,3.00,1.00,0.00,0.00,50.00,0.33,0.00,996.00,100.00,0.00,0.00,0.00,0.00
HH-280,4.00,1.00,1.00,4.00,1.00,2.00,2.00,1.00,0.00,2654.00,2546.00,0.00,0.00,9.00,4.00,0.00,0.00,200.00,100.00,14.65,175.80,1992.00,0.00,1.00,1.00,0.00,0.00
HH-281,5.00,2.00,2.00,8.00,0.00,0.00,2.00,1.00,0.00,338.00,151.00,0.00,0.00,5.00,4.00,0.00,2.00,200.00,100.00,1.87,22.39,996.00,0.00,2.00,1.00,0.00,0.00
HH-282,5.00,2.00,3.00,6.00,0.00,0.00,2.00,1.00,0.00,316.00,151.00,0.00,0.00,6.00,6.00,1.00,0.00,200.00,100.00,1.74,20.93,996.00,0.00,1.00,2.00,0.00,0.00
HH-283,4.00,2.00,0.00,10.00,0.00,0.00,2.00,1.00,0.00,330.00,146.00,0.00,0.00,8.00,3.00,0.00,2.00,200.00,100.00,1.82,21.86,996.00,0.00,1.00,2.00,0.00,0.00
HH-284,6.00,1.00,3.00,0.00,0.00,1.00,1.00,1.00,0.00,1395.00,1351.00,0.00,0.00,9.00,1.00,0.00,3.00,200.00,100.00,7.70,92.40,1992.00,0.00,1.00,1.00,0.00,1.00
HH-285,7.00,2.00,3.00,0.00,1.00,3.00,0.00,1.00,0.00,3900.00,3751.00,0.00,0.00,18.00,8.00,0.00,2.00,200.00,100.00,21.53,258.34,1992.00,0.00,2.00,2.00,0.00,0.00
HH-286,2.00,0.00,0.00,0.00,0.00,0.00,2.00,0.00,0.00,50.00,110.00,512.00,8.73,5.00,4.00,0.00,1.00,0.00,50.00,0.28,0.00,996.00,0.00,1.00,2.00,0.00,0.00
HH-287,4.00,1.00,0.00,0.00,0.00,0.00,2.00,0.00,0.00,130.00,120.00,512.00,8.00,4.00,4.00,0.00,0.00,0.00,50.00,0.72,0.00,996.00,0.00,1.00,2.00,0.00,0.00
HH-288,5.00,2.00,0.00,0.00,0.00,0.00,2.00,1.00,0.00,190.00,151.00,0.00,0.00,4.00,6.00,0.00,0.00,200.00,100.00,1.05,12.59,996.00,100.00,0.00,0.00,0.00,0.00
HH-289,5.00,1.00,0.00,0.00,0.00,0.00,1.00,0.00,0.00,120.00,120.00,512.00,8.00,4.00,3.00,0.00,1.00,200.00,100.00,0.66,7.95,996.00,100.00,0.00,0.00,0.00,0.00
HH-290,3.00,2.00,0.00,0.00,1.00,0.00,2.00,1.00,1.00,200.00,141.00,0.00,0.00,8.00,4.00,1.00,0.00,200.00,100.00,1.10,13.25,996.00,0.00,1.00,1.00,0.00,0.00
HH-291,4.00,2.00,0.00,0.00,0.00,0.00,3.00,0.00,0.00,135.00,125.00,512.00,7.68,4.00,2.00,0.00,0.00,0.00,50.00,0.75,0.00,996.00,100.00,0.00,0.00,0.00,0.00
HH-292,3.00,1.00,0.00,0.00,0.00,0.00,2.00,0.00,0.00,95.00,115.00,512.00,8.35,4.00,3.00,1.00,0.00,0.00,50.00,0.52,0.00,996.00,100.00,0.00,0.00,0.00,0.00
HH-293,6.00,0.00,2.00,0.00,0.00,0.00,3.00,0.00,0.00,185.00,135.00,512.00,7.11,4.00,5.00,0.00,0.00,0.00,50.00,1.02,0.00,996.00,100.00,0.00,0.00,0.00,0.00
HH-294,4.00,0.00,1.00,8.00,2.00,0.00,3.00,1.00,0.00,333.00,151.00,0.00,0.00,9.00,2.00,0.00,2.00,200.00,100.00,1.84,22.06,996.00,0.00,0.00,0.00,0.00,2.00
HH-295,3.00,0.00,0.00,0.00,0.00,0.00,2.00,0.00,0.00,55.00,115.00,512.00,8.35,5.00,3.00,0.00,1.00,0.00,50.00,0.30,0.00,996.00,100.00,0.00,0.00,0.00,0.00
HH-296,6.00,1.00,3.00,0.00,1.00,2.00,2.00,1.00,0.00,2650.00,2556.00,0.00,0.00,8.00,4.00,0.00,0.00,200.00,100.00,14.63,0.00,1992.00,0.00,1.00,0.00,0.00,1.00
HH-297,5.00,2.00,1.00,4.00,0.00,1.00,1.00,1.00,0.00,1459.00,1346.00,0.00,0.00,8.00,3.00,0.00,0.00,200.00,100.00,8.05,96.64,1992.00,0.00,1.00,0.00,0.00,0.00
HH-298,3.00,2.00,2.00,5.00,0.00,2.00,2.00,1.00,0.00,2650.00,116.00,0.00,0.00,9.00,6.00,0.00,2.00,200.00,100.00,14.63,0.00,1992.00,0.00,1.00,0.00,0.00,0.00
HH-299,6.00,2.00,0.00,6.00,1.00,2.00,4.00,1.00,0.00,2766.00,2566.00,0.00,0.00,9.00,6.00,0.00,0.00,200.00,100.00,15.27,183.22,1992.00,0.00,2.00,0.00,0.00,0.00
HH-700,3.00,2.00,3.00,5.00,1.00,0.00,3.00,1.00,0.00,315.00,146.00,0.00,0.00,4.00,6.00,1.00,2.00,200.00,100.00,1.74,20.87,996.00,0.00,1.00,0.00,0.00,0.00
HH-301,4.00,4.00,2.00,4.00,0.00,0.00,2.00,1.00,0.00,334.00,146.00,0.00,0.00,8.00,3.00,0.00,12.00,200.00,100.00,1.84,22.12,996.00,0.00,1.00,0.00,0.00,2.00
HH-302,5.00,2.00,0.00,0.00,0.00,0.00,1.00,0.00,0.00,160.00,120.00,512.00,8.00,5.00,3.00,0.00,1.00,0.00,50.00,0.88,0.00,996.00,100.00,0.00,0.00,0.00,0.00
HH-303,3.00,2.00,1.00,0.00,0.00,0.00,1.00,0.00,0.00,140.00,110.00,512.00,8.73,5.00,3.00,0.00,2.00,0.00,50.00,0.77,0.00,996.00,100.00,0.00,0.00,0.00,0.00
HH-304,6.00,1.00,0.00,5.00,0.00,0.00,1.00,0.00,1.00,245.00,151.00,0.00,0.00,4.00,4.00,1.00,2.00,200.00,100.00,1.35,16.23,996.00,0.00,1.00,0.00,0.00,0.00
HH-305,6.00,2.00,0.00,6.00,3.00,0.00,1.00,1.00,0.00,451.00,151.00,0.00,0.00,8.00,4.00,1.00,0.00,200.00,100.00,2.49,29.87,1992.00,0.00,2.00,0.00,0.00,0.00
HH-306,3.00,2.00,0.00,0.00,0.00,0.00,2.00,0.00,0.00,180.00,115.00,512.00,8.35,4.00,6.00,0.00,2.00,0.00,50.00,0.99,0.00,996.00,100.00,0.00,0.00,0.00,0.00
HH-307,4.00,4.00,2.00,0.00,4.00,0.00,1.00,1.00,0.00,465.00,141.00,0.00,0.00,4.00,3.00,0.00,1.00,200.00,100.00,2.57,30.80,1992.00,0.00,1.00,0.00,0.00,0.00
HH-308,5.00,2.00,3.00,0.00,1.00,2.00,2.00,1.00,0.00,2670.00,2551.00,0.00,0.00,8.00,5.00,0.00,0.00,200.00,100.00,14.74,176.86,1992.00,0.00,1.00,0.00,0.00,0.00
HH-309,3.00,1.00,2.00,0.00,3.00,0.00,3.00,1.00,0.00,285.00,146.00,0.00,0.00,9.00,3.00,0.00,0.00,200.00,100.00,1.57,18.88,996.00,0.00,1.00,0.00,0.00,0.00
HH-310,7.00,2.00,1.00,0.00,2.00,0.00,2.00,1.00,0.00,340.00,161.00,0.00,0.00,4.00,4.00,0.00,1.00,200.00,100.00,1.88,22.52,996.00,0.00,2.00,0.00,0.00,0.00
HH-311,6.00,0.00,0.00,8.00,3.00,0.00,3.00,0.00,1.00,413.00,161.00,0.00,0.00,5.00,3.00,0.00,0.00,200.00,100.00,2.28,0.00,1992.00,0.00,1.00,0.00,0.00,1.00
HH-312,4.00,1.00,0.00,0.00,0.00,0.00,0.00,0.00,0.00,60.00,110.00,512.00,8.73,5.00,1.00,0.00,2.00,0.00,50.00,0.33,0.00,996.00,100.00,0.00,0.00,0.00,0.00
HH-313,3.00,2.00,0.00,0.00,0.00,0.00,2.00,0.00,0.00,180.00,115.00,512.00,8.35,4.00,6.00,1.00,0.00,0.00,50.00,0.99,0.00,996.00,100.00,0.00,0.00,0.00,2.00
HH-314,5.00,1.00,0.00,0.00,0.00,0.00,2.00,0.00,0.00,200.00,125.00,512.00,7.68,4.00,6.00,0.00,0.00,0.00,50.00,1.10,0.00,996.00,100.00,0.00,0.00,0.00,0.00
HH-315,3.00,2.00,0.00,0.00,0.00,0.00,1.00,0.00,0.00,130.00,110.00,512.00,8.73,4.00,3.00,1.00,0.00,200.00,100.00,0.72,8.61,996.00,0.00,1.00,0.00,0.00,0.00
HH-316,5.00,2.00,0.00,6.00,1.00,0.00,2.00,1.00,0.00,336.00,151.00,0.00,0.00,0.00,3.00,0.00,0.00,200.00,100.00,1.85,22.26,996.00,0.00,1.00,0.00,0.00,0.00
HH-317,6.00,1.00,0.00,0.00,2.00,2.00,4.00,1.00,0.00,2680.00,2566.00,0.00,0.00,9.00,3.00,0.00,2.00,200.00,100.00,14.79,177.52,2490.00,0.00,2.00,0.00,0.00,0.00
HH-318,3.00,2.00,3.00,0.00,1.00,0.00,3.00,0.00,1.00,235.00,146.00,0.00,0.00,4.00,4.00,0.00,2.00,200.00,100.00,1.30,15.57,996.00,0.00,1.00,0.00,0.00,2.00
HH-319,4.00,2.00,0.00,0.00,0.00,0.00,3.00,0.00,0.00,175.00,125.00,512.00,7.68,5.00,4.00,0.00,0.00,0.00,50.00,0.97,0.00,996.00,100.00,0.00,0.00,0.00,0.00
HH-320,4.00,0.00,0.00,0.00,0.00,0.00,2.00,0.00,0.00,130.00,120.00,512.00,8.00,5.00,6.00,0.00,2.00,0.00,50.00,0.72,0.00,996.00,100.00,0.00,0.00,0.00,0.00
HH-321,3.00,2.00,1.00,8.00,0.00,2.00,4.00,1.00,0.00,2698.00,2551.00,0.00,0.00,8.00,3.00,1.00,2.00,200.00,100.00,14.89,178.72,2490.00,0.00,1.00,0.00,0.00,0.00
HH-322,5.00,0.00,0.00,0.00,0.00,0.00,2.00,0.00,0.00,110.00,125.00,512.00,7.68,4.00,4.00,0.00,2.00,200.00,100.00,0.61,7.29,996.00,0.00,1.00,0.00,0.00,0.00
HH-323,3.00,0.00,0.00,0.00,1.00,2.00,0.00,1.00,0.00,2510.00,2531.00,0.00,0.00,8.00,2.00,0.00,0.00,200.00,100.00,13.86,166.26,2490.00,0.00,2.00,0.00,1.00,0.00
HH-324,3.00,2.00,0.00,0.00,0.00,0.00,4.00,0.00,0.00,145.00,125.00,512.00,7.68,5.00,3.00,0.00,2.00,0.00,50.00,0.80,0.00,996.00,100.00,0.00,0.00,0.00,0.00
HH-325,4.00,1.00,0.00,0.00,0.00,0.00,2.00,0.00,0.00,150.00,120.00,512.00,8.00,5.00,5.00,0.00,1.00,0.00,50.00,0.83,0.00,996.00,100.00,0.00,0.00,0.00,0.00
HH-326,8.00,3.00,3.00,8.00,2.00,3.00,3.00,1.00,0.00,4153.00,3771.00,0.00,0.00,18.00,8.00,1.00,0.00,200.00,100.00,22.92,275.09,2490.00,0.00,1.00,0.00,0.00,0.00
HH-327,3.00,0.00,0.00,0.00,0.00,0.00,3.00,0.00,0.00,60.00,120.00,512.00,8.00,4.00,3.00,0.00,0.00,200.00,100.00,0.33,3.97,996.00,0.00,1.00,0.00,0.00,0.00
HH-328,3.00,4.00,2.00,5.00,0.00,0.00,2.00,1.00,0.00,330.00,141.00,0.00,0.00,9.00,3.00,1.00,2.00,200.00,100.00,1.82,21.86,996.00,0.00,2.00,0.00,0.00,0.00
HH-329,5.00,0.00,2.00,7.00,0.00,0.00,1.00,1.00,0.00,237.00,146.00,0.00,0.00,4.00,4.00,0.00,0.00,200.00,100.00,1.31,15.70,996.00,0.00,1.00,0.00,0.00,0.00
HH-330,6.00,2.00,1.00,0.00,1.00,0.00,4.00,0.00,1.00,280.00,166.00,0.00,0.00,5.00,4.00,0.00,2.00,100.00,50.00,1.55,18.55,996.00,100.00,0.00,0.00,0.00,0.00
HH-331,3.00,0.00,0.00,6.00,0.00,2.00,0.00,0.00,1.00,2556.00,2531.00,0.00,0.00,9.00,6.00,0.00,3.00,200.00,100.00,14.11,169.31,2490.00,0.00,0.00,0.00,0.00,2.00
HH-332,5.00,2.00,3.00,6.00,3.00,1.00,3.00,1.00,0.00,1671.00,1356.00,0.00,0.00,8.00,3.00,0.00,1.00,200.00,100.00,9.22,110.69,2490.00,0.00,2.00,0.00,0.00,0.00
HH-333,4.00,2.00,0.00,0.00,5.00,2.00,2.00,1.00,0.00,2820.00,2546.00,0.00,0.00,9.00,4.00,0.00,3.00,200.00,100.00,15.57,186.80,2490.00,0.00,1.00,0.00,0.00,0.00
HH-334,5.00,1.00,0.00,0.00,0.00,0.00,2.00,0.00,0.00,175.00,125.00,512.00,7.68,7.00,5.00,0.00,0.00,0.00,50.00,0.97,0.00,996.00,100.00,0.00,0.00,0.00,0.00
HH-335,4.00,0.00,0.00,0.00,0.00,0.00,3.00,0.00,0.00,115.00,125.00,512.00,7.68,7.00,5.00,0.00,2.00,0.00,50.00,0.63,0.00,996.00,100.00,0.00,0.00,0.00,0.00
HH-336,5.00,2.00,0.00,4.00,3.00,0.00,4.00,0.00,0.00,414.00,161.00,512.00,5.96,6.00,4.00,1.00,2.00,200.00,100.00,2.29,27.42,2490.00,0.00,2.00,1.00,0.00,0.00
HH-337,3.00,2.00,2.00,0.00,1.00,0.00,2.00,0.00,0.00,220.00,141.00,512.00,6.81,5.00,4.00,0.00,0.00,200.00,100.00,1.21,14.57,996.00,0.00,1.00,1.00,0.00,0.00
HH-338,2.00,2.00,3.00,0.00,2.00,0.00,3.00,0.00,0.00,275.00,141.00,512.00,6.81,6.00,5.00,1.00,2.00,200.00,100.00,1.52,18.22,996.00,0.00,2.00,1.00,0.00,0.00
HH-339,3.00,0.00,0.00,0.00,1.00,1.00,2.00,0.00,1.00,1320.00,1341.00,0.00,0.00,8.00,4.00,0.00,1.00,200.00,100.00,7.29,87.44,2490.00,0.00,1.00,1.00,1.00,0.00
HH-340,5.00,0.00,1.00,0.00,1.00,0.00,2.00,1.00,0.00,170.00,151.00,0.00,0.00,8.00,4.00,0.00,0.00,200.00,100.00,0.94,11.26,996.00,0.00,1.00,1.00,0.00,0.00
HH-341,3.00,2.00,0.00,0.00,1.00,2.00,3.00,1.00,0.00,2605.00,2546.00,0.00,0.00,9.00,3.00,1.00,0.00,200.00,100.00,14.38,172.56,2490.00,0.00,1.00,1.00,0.00,0.00
HH-342,3.00,0.00,0.00,0.00,0.00,0.00,2.00,0.00,0.00,70.00,115.00,512.00,8.35,4.00,4.00,0.00,2.00,0.00,50.00,0.39,0.00,996.00,100.00,0.00,0.00,0.00,0.00
HH-343,5.00,1.00,0.00,0.00,0.00,0.00,2.00,0.00,0.00,125.00,125.00,512.00,7.68,4.00,3.00,0.00,0.00,0.00,50.00,0.69,8.28,996.00,100.00,0.00,0.00,0.00,0.00
HH-344,5.00,0.00,2.00,0.00,1.00,0.00,2.00,1.00,0.00,180.00,151.00,0.00,0.00,6.00,4.00,0.00,2.00,200.00,100.00,0.99,11.92,996.00,0.00,1.00,2.00,0.00,0.00
HH-345,4.00,0.00,3.00,0.00,0.00,0.00,3.00,1.00,0.00,125.00,151.00,0.00,0.00,9.00,4.00,0.00,3.00,200.00,100.00,0.69,8.28,996.00,0.00,2.00,2.00,0.00,0.00
HH-346,5.00,2.00,2.00,0.00,0.00,0.00,2.00,0.00,1.00,210.00,151.00,0.00,0.00,7.00,4.00,0.00,4.00,200.00,100.00,1.16,13.91,996.00,0.00,1.00,2.00,0.00,0.00
HH-347,3.00,2.00,1.00,0.00,1.00,0.00,3.00,1.00,0.00,215.00,146.00,0.00,0.00,5.00,4.00,0.00,2.00,200.00,100.00,1.19,14.24,996.00,0.00,1.00,1.00,0.00,0.00
HH-348,4.00,0.00,0.00,0.00,0.00,0.00,3.00,0.00,0.00,95.00,125.00,512.00,7.68,4.00,4.00,0.00,2.00,0.00,50.00,0.52,0.00,996.00,100.00,0.00,0.00,0.00,0.00
HH-349,6.00,2.00,3.00,0.00,0.00,0.00,2.00,1.00,0.00,240.00,156.00,0.00,0.00,8.00,3.00,1.00,0.00,200.00,100.00,1.32,15.90,996.00,0.00,2.00,1.00,0.00,1.00
HH-350,7.00,0.00,1.00,3.00,1.00,2.00,2.00,1.00,0.00,2658.00,2561.00,0.00,0.00,8.00,4.00,0.00,2.00,200.00,100.00,14.67,176.07,2490.00,0.00,1.00,2.00,0.00,0.00
HH-351,4.00,0.00,2.00,0.00,1.00,0.00,3.00,1.00,0.00,165.00,151.00,0.00,0.00,4.00,4.00,1.00,1.00,200.00,100.00,0.91,10.93,996.00,0.00,1.00,2.00,0.00,0.00
HH-352,4.00,0.00,0.00,0.00,0.00,0.00,2.00,0.00,0.00,90.00,120.00,512.00,8.00,4.00,4.00,0.00,0.00,0.00,50.00,0.50,0.00,996.00,100.00,0.00,0.00,0.00,0.00
HH-353,5.00,2.00,2.00,6.00,2.00,1.00,4.00,1.00,0.00,1616.00,1361.00,0.00,0.00,9.00,4.00,0.00,0.00,200.00,100.00,8.92,107.04,2490.00,0.00,1.00,2.00,0.00,2.00
HH-354,5.00,4.00,1.00,3.00,3.00,2.00,4.00,1.00,0.00,2888.00,2561.00,0.00,0.00,8.00,4.00,0.00,1.00,200.00,100.00,15.94,191.30,2490.00,0.00,2.00,2.00,0.00,0.00
HH-355,6.00,2.00,2.00,4.00,2.00,2.00,3.00,1.00,0.00,2799.00,2561.00,0.00,0.00,8.00,3.00,0.00,0.00,200.00,100.00,15.45,185.41,2490.00,0.00,1.00,2.00,1.00,0.00
HH-356,4.00,2.00,2.00,5.00,2.00,0.00,3.00,1.00,0.00,375.00,151.00,0.00,0.00,4.00,3.00,0.00,2.00,200.00,100.00,2.07,24.84,2490.00,0.00,1.00,2.00,0.00,0.00
HH-357,5.00,2.00,2.00,4.00,2.00,0.00,4.00,0.00,1.00,384.00,161.00,0.00,0.00,9.00,3.00,0.00,3.00,200.00,100.00,2.12,25.44,2490.00,0.00,1.00,2.00,0.00,0.00
HH-358,7.00,2.00,2.00,0.00,2.00,0.00,2.00,1.00,0.00,350.00,161.00,0.00,0.00,7.00,4.00,0.00,4.00,200.00,100.00,1.93,23.18,996.00,0.00,1.00,1.00,0.00,0.00
HH-359,4.00,0.00,0.00,0.00,0.00,0.00,0.00,0.00,0.00,80.00,110.00,512.00,8.73,4.00,4.00,0.00,0.00,0.00,50.00,0.44,0.00,996.00,100.00,0.00,0.00,0.00,0.00
HH-360,4.00,2.00,2.00,6.00,0.00,0.00,4.00,0.00,0.00,296.00,130.00,512.00,7.38,4.00,4.00,0.00,1.00,0.00,50.00,1.63,0.00,996.00,100.00,0.00,0.00,0.00,0.00
HH-361,3.00,1.00,1.00,4.00,2.00,0.00,2.00,1.00,0.00,284.00,141.00,0.00,0.00,5.00,4.00,0.00,0.00,200.00,100.00,1.57,18.81,996.00,0.00,1.00,2.00,0.00,0.00
HH-362,4.00,2.00,2.00,6.00,3.00,0.00,4.00,1.00,0.00,446.00,156.00,0.00,0.00,5.00,4.00,0.00,1.00,200.00,100.00,2.46,29.54,2490.00,0.00,2.00,2.00,0.00,1.00
HH-363,4.00,2.00,0.00,6.00,1.00,2.00,3.00,0.00,1.00,2721.00,2551.00,0.00,0.00,8.00,2.00,0.00,0.00,200.00,100.00,15.02,180.24,2490.00,0.00,1.00,2.00,0.00,0.00
HH-364,5.00,1.00,3.00,8.00,1.00,0.00,2.00,1.00,0.00,358.00,151.00,0.00,0.00,4.00,3.00,0.00,2.00,200.00,100.00,1.98,23.71,996.00,0.00,1.00,2.00,0.00,0.00
HH-365,6.00,2.00,1.00,0.00,1.00,0.00,4.00,0.00,1.00,280.00,166.00,0.00,0.00,5.00,4.00,0.00,2.00,100.00,50.00,1.55,18.55,996.00,100.00,0.00,0.00,0.00,0.00
HH-366,3.00,2.00,2.00,6.00,1.00,2.00,3.00,0.00,1.00,2721.00,2546.00,0.00,0.00,9.00,4.00,0.00,3.00,200.00,100.00,15.02,180.24,2490.00,0.00,0.00,0.00,0.00,2.00
HH-367,5.00,2.00,3.00,6.00,3.00,1.00,3.00,1.00,0.00,1671.00,1356.00,0.00,0.00,8.00,3.00,0.00,1.00,200.00,100.00,9.22,110.69,2490.00,0.00,2.00,0.00,0.00,0.00
HH-368,4.00,2.00,1.00,0.00,5.00,2.00,2.00,1.00,0.00,2830.00,2546.00,0.00,0.00,4.00,4.00,0.00,3.00,200.00,100.00,15.62,187.46,2490.00,0.00,1.00,0.00,0.00,0.00
HH-369,5.00,1.00,0.00,0.00,0.00,0.00,2.00,0.00,0.00,150.00,125.00,512.00,7.68,4.00,4.00,0.00,0.00,0.00,50.00,0.83,0.00,996.00,100.00,0.00,0.00,0.00,0.00
HH-370,4.00,0.00,3.00,0.00,0.00,0.00,3.00,0.00,0.00,105.00,125.00,512.00,7.68,4.00,3.00,0.00,2.00,0.00,50.00,0.58,0.00,996.00,100.00,0.00,0.00,0.00,0.00
HH-371,5.00,2.00,0.00,4.00,3.00,0.00,4.00,1.00,0.00,414.00,161.00,0.00,0.00,6.00,4.00,1.00,2.00,200.00,100.00,2.29,27.42,2490.00,0.00,2.00,1.00,0.00,1.00
HH-372,3.00,2.00,2.00,0.00,1.00,0.00,2.00,0.00,1.00,220.00,141.00,0.00,0.00,5.00,3.00,0.00,0.00,200.00,100.00,1.21,14.57,996.00,0.00,1.00,1.00,0.00,0.00
HH-373,5.00,2.00,3.00,0.00,2.00,0.00,3.00,1.00,0.00,325.00,156.00,0.00,0.00,6.00,4.00,1.00,3.00,200.00,100.00,1.79,21.53,996.00,0.00,2.00,1.00,0.00,0.00
HH-374,3.00,0.00,0.00,0.00,1.00,1.00,2.00,0.00,1.00,1320.00,1341.00,0.00,0.00,8.00,4.00,0.00,1.00,200.00,100.00,7.29,87.44,2490.00,0.00,1.00,1.00,1.00,0.00
HH-375,5.00,0.00,1.00,0.00,1.00,0.00,2.00,1.00,0.00,170.00,151.00,0.00,0.00,8.00,4.00,0.00,0.00,200.00,100.00,0.94,11.26,996.00,0.00,1.00,1.00,0.00,0.00
HH-376,3.00,2.00,0.00,4.00,1.00,2.00,3.00,1.00,0.00,2669.00,2546.00,0.00,0.00,8.00,3.00,1.00,0.00,200.00,100.00,14.73,176.79,2490.00,0.00,1.00,1.00,0.00,0.00
HH-377,5.00,0.00,0.00,0.00,0.00,0.00,2.00,0.00,0.00,110.00,125.00,512.00,7.68,4.00,4.00,0.00,2.00,0.00,50.00,0.61,0.00,996.00,100.00,0.00,0.00,0.00,0.00
HH-378,5.00,0.00,0.00,0.00,0.00,0.00,2.00,0.00,0.00,85.00,125.00,512.00,7.68,4.00,3.00,0.00,0.00,0.00,50.00,0.47,0.00,996.00,100.00,0.00,0.00,0.00,0.00
HH-379,5.00,0.00,2.00,0.00,1.00,0.00,2.00,1.00,0.00,180.00,151.00,0.00,0.00,6.00,4.00,0.00,2.00,200.00,100.00,0.99,11.92,996.00,0.00,1.00,2.00,0.00,0.00
HH-380,4.00,0.00,3.00,0.00,0.00,1.00,3.00,1.00,0.00,1325.00,1351.00,0.00,0.00,9.00,4.00,0.00,3.00,200.00,100.00,7.31,87.77,2490.00,0.00,2.00,2.00,0.00,1.00
HH-381,5.00,2.00,2.00,0.00,0.00,0.00,2.00,0.00,1.00,210.00,151.00,0.00,0.00,7.00,4.00,0.00,0.00,200.00,100.00,1.16,13.91,996.00,0.00,1.00,2.00,0.00,0.00
HH-382,3.00,2.00,1.00,0.00,1.00,0.00,3.00,1.00,0.00,215.00,146.00,0.00,0.00,5.00,4.00,0.00,2.00,200.00,100.00,1.19,14.24,996.00,0.00,1.00,1.00,0.00,0.00
HH-383,2.00,0.00,0.00,0.00,0.00,0.00,3.00,0.00,0.00,55.00,115.00,512.00,8.35,4.00,4.00,0.00,2.00,0.00,50.00,0.30,3.64,996.00,100.00,0.00,0.00,0.00,0.00
HH-384,6.00,2.00,3.00,0.00,0.00,0.00,2.00,0.00,1.00,240.00,156.00,0.00,0.00,8.00,3.00,1.00,0.00,200.00,100.00,1.32,15.90,996.00,0.00,2.00,1.00,0.00,0.00
HH-385,7.00,0.00,1.00,6.00,1.00,2.00,2.00,1.00,0.00,2706.00,2561.00,0.00,0.00,9.00,4.00,0.00,2.00,200.00,100.00,14.94,179.25,2490.00,0.00,1.00,2.00,0.00,0.00
HH-386,4.00,0.00,2.00,0.00,1.00,0.00,3.00,1.00,0.00,165.00,151.00,0.00,0.00,4.00,4.00,1.00,1.00,200.00,100.00,0.91,10.93,996.00,0.00,1.00,2.00,0.00,0.00
HH-387,4.00,0.00,0.00,0.00,0.00,0.00,2.00,0.00,0.00,90.00,120.00,512.00,8.00,4.00,4.00,0.00,0.00,0.00,50.00,0.50,0.00,996.00,100.00,0.00,0.00,0.00,0.00
HH-388,5.00,2.00,2.00,3.00,2.00,1.00,4.00,1.00,0.00,1568.00,1361.00,0.00,0.00,9.00,4.00,0.00,0.00,200.00,100.00,8.66,103.86,2490.00,0.00,1.00,2.00,0.00,2.00
HH-389,5.00,4.00,1.00,3.00,3.00,2.00,4.00,1.00,0.00,2888.00,2561.00,0.00,0.00,8.00,4.00,0.00,1.00,200.00,100.00,15.94,191.30,2490.00,0.00,2.00,2.00,0.00,0.00
HH-390,6.00,2.00,2.00,5.00,1.00,2.00,3.00,1.00,0.00,2765.00,2561.00,0.00,0.00,8.00,3.00,0.00,0.00,200.00,100.00,15.26,183.15,2490.00,0.00,1.00,2.00,1.00,0.00
HH-391,4.00,2.00,2.00,4.00,1.00,0.00,3.00,1.00,0.00,309.00,151.00,0.00,0.00,4.00,3.00,0.00,2.00,200.00,100.00,1.71,20.47,996.00,0.00,1.00,2.00,0.00,0.00
HH-392,5.00,2.00,2.00,4.00,2.00,0.00,4.00,0.00,1.00,384.00,161.00,0.00,0.00,9.00,3.00,0.00,3.00,200.00,100.00,2.12,25.44,2490.00,0.00,1.00,2.00,0.00,0.00
HH-393,7.00,1.00,2.00,0.00,1.00,0.00,2.00,1.00,0.00,260.00,161.00,0.00,0.00,7.00,4.00,0.00,4.00,200.00,100.00,1.44,17.22,996.00,0.00,1.00,1.00,0.00,0.00
HH-394,4.00,0.00,0.00,0.00,1.00,0.00,0.00,0.00,0.00,130.00,110.00,512.00,8.73,4.00,4.00,0.00,0.00,0.00,50.00,0.72,0.00,996.00,100.00,0.00,0.00,0.00,0.00
HH-395,4.00,2.00,0.00,0.00,1.00,0.00,4.00,0.00,0.00,230.00,130.00,512.00,7.38,4.00,4.00,0.00,2.00,0.00,50.00,1.27,0.00,996.00,100.00,0.00,0.00,0.00,0.00
HH-396,3.00,1.00,1.00,4.00,2.00,0.00,2.00,1.00,0.00,284.00,141.00,0.00,0.00,5.00,3.00,0.00,0.00,200.00,100.00,1.57,18.81,996.00,0.00,1.00,2.00,0.00,0.00
HH-397,4.00,2.00,2.00,6.00,3.00,0.00,4.00,0.00,1.00,446.00,156.00,0.00,0.00,5.00,4.00,0.00,1.00,200.00,100.00,2.46,29.54,2490.00,0.00,2.00,2.00,0.00,0.00
HH-398,4.00,2.00,0.00,6.00,1.00,2.00,3.00,1.00,0.00,2721.00,116.00,0.00,0.00,8.00,5.00,0.00,0.00,200.00,100.00,15.02,0.00,2490.00,0.00,1.00,2.00,0.00,0.00
HH-399,5.00,1.00,3.00,8.00,1.00,0.00,2.00,0.00,1.00,358.00,151.00,0.00,0.00,4.00,3.00,0.00,2.00,200.00,100.00,1.98,23.71,996.00,0.00,1.00,2.00,0.00,0.00
HH-400,4.00,1.00,0.00,0.00,1.00,0.00,0.00,0.00,0.00,170.00,110.00,512.00,8.73,4.00,4.00,0.00,5.00,0.00,50.00,0.94,11.26,996.00,100.00,0.00,1.00,0.00,1.00
